id,name,email,department,salary
1,Lisa Price,lisa.price@company.com,Sales,51158
2,Mary Knight,mary.knight@company.com,Sales,65621
3,Ralph Kim,ralph.kim@company.com,Sales,51523
4,Linda Reynolds,linda.reynolds@company.com,Sales,55968
5,Joshua Green,joshua.green@company.com,Finance,74804
6,Marie Alvarez,marie.alvarez@company.com,HR,55746
7,Dennis Rice,dennis.rice@company.com,Sales,69196
8,Nancy Hicks,nancy.hicks@company.com,HR,68306
9,Laura Chen,laura.chen@company.com,Engineering,92668
10,Philip Mendez,philip.mendez@company.com,Finance,82288
11,Catherine Taylor,catherine.taylor@company.com,Finance,76269
12,Gloria Price,gloria.price@company.com,HR,67953
13,Ann Snyder,ann.snyder@company.com,HR,56315
14,Sandra Moreno,sandra.moreno@company.com,Engineering,80461
15,Charlotte Salazar,charlotte.salazar@company.com,Sales,67645
16,Arthur Washington,arthur.washington@company.com,Sales,53766
17,Frances Harris,frances.harris@company.com,HR,58672
18,Olivia Harrison,olivia.harrison@company.com,Sales,67953
19,Kimberly Patterson,kimberly.patterson@company.com,Marketing,72192
20,Ruth Cole,ruth.cole@company.com,HR,56412
21,Sandra Fox,sandra.fox@company.com,Sales,61011
22,Henry Salazar,henry.salazar@company.com,Marketing,61804
23,Lisa Fisher,lisa.fisher@company.com,Sales,54098
24,Edward Cook,edward.cook@company.com,Operations,64543
25,Nathan Jenkins,nathan.jenkins@company.com,Sales,62979
26,Matthew Fox,matthew.fox@company.com,Sales,68152
27,Donna Snyder,donna.snyder@company.com,Marketing,67656
28,George Snyder,george.snyder@company.com,Marketing,64224
29,Bobby Butler,bobby.butler@company.com,Sales,60639
30,Teresa Bryant,teresa.bryant@company.com,HR,68289
31,Harold Barnes,harold.barnes@company.com,HR,62494
32,Mary Jones,mary.jones@company.com,Operations,64754
33,Hannah Long,hannah.long@company.com,Sales,55795
34,Kelly Price,kelly.price@company.com,Finance,74103
35,Bruce Wilson,bruce.wilson@company.com,Operations,66263
36,Martha Myers,martha.myers@company.com,Operations,65377
37,Abigail Mason,abigail.mason@company.com,Engineering,92091
38,Carl Miller,carl.miller@company.com,Finance,68550
39,Louis Sullivan,louis.sullivan@company.com,Sales,58027
40,Gloria Hill,gloria.hill@company.com,HR,67315
41,Michael Crawford,michael.crawford@company.com,Operations,76985
42,Austin Tran,austin.tran@company.com,Engineering,87733
43,Cheryl Green,cheryl.green@company.com,HR,65389
44,Nathan Mendez,nathan.mendez@company.com,Operations,73121
45,Jordan Gonzalez,jordan.gonzalez@company.com,Finance,67602
46,Emily Owens,emily.owens@company.com,Marketing,72242
47,Gabriel Howard,gabriel.howard@company.com,Operations,60880
48,Joseph Gomez,joseph.gomez@company.com,Sales,56187
49,Christina Meyer,christina.meyer@company.com,HR,61837
50,Samuel Aguilar,samuel.aguilar@company.com,Engineering,85074
51,Kenneth Lane,kenneth.lane@company.com,Engineering,78108
52,Kimberly Ortiz,kimberly.ortiz@company.com,Sales,68316
53,Zachary Rice,zachary.rice@company.com,Engineering,94480
54,Sandra Williams,sandra.williams@company.com,Sales,51170
55,Sara Sullivan,sara.sullivan@company.com,Finance,73975
56,Betty Green,betty.green@company.com,Operations,62315
57,Nicholas Dixon,nicholas.dixon@company.com,Sales,50254
58,Charlotte Lane,charlotte.lane@company.com,Operations,60955
59,Grace Hughes,grace.hughes@company.com,Operations,68152
60,Nathan Howard,nathan.howard@company.com,Engineering,84074
61,Samuel Rogers,samuel.rogers@company.com,HR,60179
62,Terry Perez,terry.perez@company.com,Engineering,79567
63,Walter Jones,walter.jones@company.com,Sales,68740
64,Lawrence Holmes,lawrence.holmes@company.com,HR,57701
65,Denise Shaw,denise.shaw@company.com,Finance,79025
66,Janice Hicks,janice.hicks@company.com,HR,57359
67,Gabriel Harvey,gabriel.harvey@company.com,Marketing,60639
68,Daniel Owens,daniel.owens@company.com,Marketing,68088
69,Bruce Garcia,bruce.garcia@company.com,Sales,60350
70,Carl Ellis,carl.ellis@company.com,Marketing,60087
71,Debra Ward,debra.ward@company.com,HR,63082
72,Jason Gibson,jason.gibson@company.com,Marketing,61106
73,Debra Johnson,debra.johnson@company.com,Marketing,74048
74,Lisa Cooper,lisa.cooper@company.com,HR,58173
75,Brandon Mitchell,brandon.mitchell@company.com,Finance,73507
76,Stephen Medina,stephen.medina@company.com,Finance,68025
77,Diane Murray,diane.murray@company.com,Marketing,62836
78,George Rice,george.rice@company.com,Marketing,71457
79,Janet Silva,janet.silva@company.com,Finance,72106
80,Johnny Moreno,johnny.moreno@company.com,Operations,68877
81,Sharon Lane,sharon.lane@company.com,HR,59775
82,Nathan Meyer,nathan.meyer@company.com,Engineering,80535
83,Nancy Nelson,nancy.nelson@company.com,Engineering,83106
84,Kevin Cook,kevin.cook@company.com,Engineering,77143
85,Jacob Cooper,jacob.cooper@company.com,Finance,82694
86,Eugene Silva,eugene.silva@company.com,Engineering,85878
87,Thomas Price,thomas.price@company.com,HR,58395
88,Robert Silva,robert.silva@company.com,Operations,69916
89,Wayne Myers,wayne.myers@company.com,Engineering,91883
90,Nancy Hernandez,nancy.hernandez@company.com,Sales,68035
91,Sharon Alexander,sharon.alexander@company.com,Operations,60326
92,Sandra Robertson,sandra.robertson@company.com,Sales,51757
93,Gregory McDonald,gregory.mcdonald@company.com,Sales,64623
94,Jacob Murray,jacob.murray@company.com,Finance,68633
95,Patrick Alexander,patrick.alexander@company.com,Sales,69080
96,Laura Nguyen,laura.nguyen@company.com,Sales,66781
97,Hannah Dixon,hannah.dixon@company.com,Marketing,62925
98,Thomas Ramirez,thomas.ramirez@company.com,Finance,73623
99,Michelle Romero,michelle.romero@company.com,Sales,61709
100,Sandra Vargas,sandra.vargas@company.com,Sales,56909
101,Arthur Stewart,arthur.stewart@company.com,Engineering,92878
102,Zachary Porter,zachary.porter@company.com,Sales,56819
103,Christine Adams,christine.adams@company.com,Engineering,71343
104,Deborah Baker,deborah.baker@company.com,Engineering,79741
105,Samantha Wagner,samantha.wagner@company.com,Marketing,73555
106,Walter Nelson,walter.nelson@company.com,HR,60344
107,Victoria Sanchez,victoria.sanchez@company.com,Finance,69486
108,Robert Castillo,robert.castillo@company.com,HR,58659
109,Sharon Howard,sharon.howard@company.com,Finance,71184
110,Willie Nguyen,willie.nguyen@company.com,Sales,55417
111,Emily Hernandez,emily.hernandez@company.com,Marketing,70453
112,Jerry Evans,jerry.evans@company.com,Marketing,66765
113,Marie Nelson,marie.nelson@company.com,Engineering,80646
114,Julia Mendez,julia.mendez@company.com,Sales,56162
115,Jacqueline Morris,jacqueline.morris@company.com,Sales,57709
116,Justin Morgan,justin.morgan@company.com,Engineering,88046
117,Zachary Olson,zachary.olson@company.com,Engineering,90421
118,Jack Fisher,jack.fisher@company.com,Operations,66319
119,Jessica Dixon,jessica.dixon@company.com,Marketing,64421
120,Douglas Mendoza,douglas.mendoza@company.com,Engineering,75384
121,Frances Nguyen,frances.nguyen@company.com,Operations,70685
122,Judy Cox,judy.cox@company.com,Marketing,63776
123,Eugene Moore,eugene.moore@company.com,Finance,83944
124,Marilyn Cole,marilyn.cole@company.com,Sales,51431
125,Arthur Reynolds,arthur.reynolds@company.com,Engineering,73008
126,Laura Robertson,laura.robertson@company.com,Operations,65832
127,Jerry Barnes,jerry.barnes@company.com,Sales,68945
128,Arthur Price,arthur.price@company.com,Finance,74242
129,Donald Hicks,donald.hicks@company.com,HR,57619
130,Janet Powell,janet.powell@company.com,HR,65655
131,Grace Hill,grace.hill@company.com,Finance,82212
132,Joan Hamilton,joan.hamilton@company.com,Marketing,65655
133,Christopher Munoz,christopher.munoz@company.com,Sales,51859
134,Marie Richardson,marie.richardson@company.com,Finance,70196
135,Teresa Mason,teresa.mason@company.com,HR,69263
136,Daniel Washington,daniel.washington@company.com,Marketing,61647
137,Aaron Butler,aaron.butler@company.com,Marketing,70376
138,Sandra Flores,sandra.flores@company.com,Finance,82339
139,Carl Graham,carl.graham@company.com,Engineering,84035
140,Janice Bell,janice.bell@company.com,Engineering,85743
141,Gloria Sanders,gloria.sanders@company.com,Sales,67937
142,Sean Ross,sean.ross@company.com,Operations,79450
143,Christopher Mendoza,christopher.mendoza@company.com,HR,69542
144,Eric Hughes,eric.hughes@company.com,Operations,71700
145,Julie Lane,julie.lane@company.com,Operations,79103
146,Cynthia Lopez,cynthia.lopez@company.com,HR,56332
147,Jerry Thomas,jerry.thomas@company.com,HR,64631
148,Jacob Meyer,jacob.meyer@company.com,Sales,65326
149,Kathryn Brooks,kathryn.brooks@company.com,Sales,54371
150,Susan Jones,susan.jones@company.com,Engineering,76389
151,Aaron Simpson,aaron.simpson@company.com,Finance,66943
152,Nicholas Moore,nicholas.moore@company.com,Marketing,66172
153,Amy Sanders,amy.sanders@company.com,HR,63855
154,Ralph James,ralph.james@company.com,HR,69186
155,Alexander Boyd,alexander.boyd@company.com,Operations,70973
156,Sarah Castillo,sarah.castillo@company.com,Operations,66392
157,Christina Fox,christina.fox@company.com,Marketing,72454
158,Wayne Cole,wayne.cole@company.com,Sales,56221
159,Ralph Mendez,ralph.mendez@company.com,Sales,65105
160,George Garcia,george.garcia@company.com,Finance,71183
161,Denise Parker,denise.parker@company.com,Sales,67926
162,Eugene Hernandez,eugene.hernandez@company.com,HR,67977
163,Mason Smith,mason.smith@company.com,Finance,77173
164,Alice Fisher,alice.fisher@company.com,Operations,76657
165,Ryan Smith,ryan.smith@company.com,Sales,60775
166,Deborah Murphy,deborah.murphy@company.com,Sales,69768
167,Diana Sanchez,diana.sanchez@company.com,Finance,77413
168,Patrick Martinez,patrick.martinez@company.com,Operations,60245
169,Philip Barnes,philip.barnes@company.com,Engineering,77990
170,Maria Long,maria.long@company.com,HR,63196
171,Larry Jordan,larry.jordan@company.com,Engineering,78162
172,Louis Bryant,louis.bryant@company.com,Engineering,86923
173,Joshua Simpson,joshua.simpson@company.com,HR,62957
174,Jonathan Alvarez,jonathan.alvarez@company.com,Finance,74844
175,Carol Young,carol.young@company.com,Sales,64739
176,Edward Turner,edward.turner@company.com,Engineering,94141
177,Deborah Knight,deborah.knight@company.com,Engineering,75053
178,Ronald Reyes,ronald.reyes@company.com,Operations,63547
179,William Carter,william.carter@company.com,Marketing,63610
180,Laura Wood,laura.wood@company.com,Finance,65062
181,Michelle Chen,michelle.chen@company.com,Engineering,78658
182,Sophia Wells,sophia.wells@company.com,Marketing,62997
183,Sandra Herrera,sandra.herrera@company.com,HR,63127
184,Ashley Clark,ashley.clark@company.com,Sales,53954
185,Frances Williams,frances.williams@company.com,Sales,59065
186,Eugene Torres,eugene.torres@company.com,Marketing,61437
187,Carl Taylor,carl.taylor@company.com,HR,63142
188,Jeffrey Ramos,jeffrey.ramos@company.com,Marketing,64822
189,Wayne Tucker,wayne.tucker@company.com,Finance,69306
190,Jane Brown,jane.brown@company.com,Engineering,89795
191,Sophia Henry,sophia.henry@company.com,HR,62113
192,Brandon Robertson,brandon.robertson@company.com,Marketing,73416
193,Jacqueline Anderson,jacqueline.anderson@company.com,Engineering,73522
194,Joseph Garcia,joseph.garcia@company.com,Marketing,68649
195,Wayne Carter,wayne.carter@company.com,Sales,69988
196,Patricia Mendoza,patricia.mendoza@company.com,Engineering,78470
197,Gary Clark,gary.clark@company.com,Engineering,83774
198,Frances Coleman,frances.coleman@company.com,Engineering,79524
199,Joe Hunt,joe.hunt@company.com,Operations,63127
200,Eugene Dixon,eugene.dixon@company.com,Operations,79244
201,Sharon Rogers,sharon.rogers@company.com,Marketing,72148
202,Larry Jones,larry.jones@company.com,Operations,70625
203,Jordan Gonzales,jordan.gonzales@company.com,HR,64377
204,Laura Rice,laura.rice@company.com,Finance,81338
205,Wayne Graham,wayne.graham@company.com,Sales,52968
206,Jessica Powell,jessica.powell@company.com,Marketing,64246
207,Ashley Torres,ashley.torres@company.com,Finance,66274
208,Lauren Hughes,lauren.hughes@company.com,HR,61569
209,Jack Ross,jack.ross@company.com,Marketing,73966
210,Jason Wagner,jason.wagner@company.com,Engineering,75335
211,Megan Taylor,megan.taylor@company.com,Engineering,75730
212,Nathan Clark,nathan.clark@company.com,Sales,66386
213,Harold Owens,harold.owens@company.com,Operations,69579
214,Henry Morgan,henry.morgan@company.com,Finance,75849
215,Gregory Murphy,gregory.murphy@company.com,Operations,66927
216,Patrick Ellis,patrick.ellis@company.com,Marketing,62548
217,Wayne Carter,wayne.carter@company.com,Finance,81957
218,Wayne Martinez,wayne.martinez@company.com,Engineering,83077
219,Emma Freeman,emma.freeman@company.com,Marketing,61797
220,Janet Morgan,janet.morgan@company.com,Operations,65405
221,Marie Dixon,marie.dixon@company.com,Marketing,69769
222,Philip Smith,philip.smith@company.com,Finance,73235
223,Janet Robertson,janet.robertson@company.com,Finance,71269
224,Wayne Martin,wayne.martin@company.com,Operations,64443
225,Larry West,larry.west@company.com,Operations,72826
226,Michelle Mills,michelle.mills@company.com,Operations,73972
227,Eugene Mendoza,eugene.mendoza@company.com,HR,55053
228,Kelly Ortiz,kelly.ortiz@company.com,Finance,82500
229,Eugene Griffin,eugene.griffin@company.com,Sales,52260
230,Michael Morris,michael.morris@company.com,Operations,74128
231,Patrick Palmer,patrick.palmer@company.com,Engineering,74188
232,Gregory Lee,gregory.lee@company.com,Marketing,61140
233,Sara Martin,sara.martin@company.com,Sales,60540
234,Ashley Washington,ashley.washington@company.com,Operations,74361
235,Gloria Henry,gloria.henry@company.com,Sales,59343
236,Philip Holmes,philip.holmes@company.com,Finance,79861
237,Dennis Meyer,dennis.meyer@company.com,Marketing,66230
238,Jose Romero,jose.romero@company.com,Sales,63623
239,Michael Williams,michael.williams@company.com,HR,55959
240,Sharon Mills,sharon.mills@company.com,Operations,74945
241,Lisa Peterson,lisa.peterson@company.com,HR,67747
242,Lawrence Stone,lawrence.stone@company.com,Engineering,85507
243,Carolyn Washington,carolyn.washington@company.com,Finance,72331
244,Dorothy Robertson,dorothy.robertson@company.com,Finance,83473
245,Ronald Salazar,ronald.salazar@company.com,HR,55141
246,Matthew Murphy,matthew.murphy@company.com,Finance,66562
247,Christine Webb,christine.webb@company.com,Operations,77194
248,Terry Stevens,terry.stevens@company.com,HR,63704
249,Abigail Barnes,abigail.barnes@company.com,Sales,55699
250,Sharon Gonzalez,sharon.gonzalez@company.com,Operations,73656
251,Beverly Diaz,beverly.diaz@company.com,Sales,69651
252,Anthony Morris,anthony.morris@company.com,Engineering,79348
253,Kevin Smith,kevin.smith@company.com,HR,59547
254,Zachary Cruz,zachary.cruz@company.com,HR,56842
255,Jacqueline Turner,jacqueline.turner@company.com,Operations,62928
256,Jessica Russell,jessica.russell@company.com,Marketing,60124
257,Larry Long,larry.long@company.com,Operations,73733
258,Gloria Wagner,gloria.wagner@company.com,Finance,74939
259,Amy Sanchez,amy.sanchez@company.com,Finance,66182
260,Jessica Ramos,jessica.ramos@company.com,Engineering,89920
261,Kimberly Rivera,kimberly.rivera@company.com,HR,62866
262,Jean Herrera,jean.herrera@company.com,Engineering,91166
263,Julia Lewis,julia.lewis@company.com,Finance,84286
264,Janet Sullivan,janet.sullivan@company.com,Finance,79434
265,Sharon Johnson,sharon.johnson@company.com,Marketing,63814
266,Jessica Nguyen,jessica.nguyen@company.com,Finance,78701
267,Matthew Gutierrez,matthew.gutierrez@company.com,Operations,77726
268,Bruce Fox,bruce.fox@company.com,Engineering,87734
269,Marie Patel,marie.patel@company.com,HR,65917
270,Barbara Coleman,barbara.coleman@company.com,Finance,81379
271,Jeffrey Taylor,jeffrey.taylor@company.com,Marketing,71273
272,Maria Simmons,maria.simmons@company.com,Finance,73637
273,Martha Rice,martha.rice@company.com,Marketing,69250
274,Nathan Dixon,nathan.dixon@company.com,Marketing,60629
275,Sarah Marshall,sarah.marshall@company.com,Engineering,94837
276,Patrick Stevens,patrick.stevens@company.com,Operations,73652
277,Sarah Hunter,sarah.hunter@company.com,HR,60349
278,Timothy West,timothy.west@company.com,Engineering,76540
279,Arthur Crawford,arthur.crawford@company.com,HR,67978
280,Eugene Jenkins,eugene.jenkins@company.com,Finance,72680
281,Ralph Holmes,ralph.holmes@company.com,HR,56438
282,Denise Long,denise.long@company.com,Finance,74705
283,Rachel Wright,rachel.wright@company.com,Sales,59554
284,Ryan Bailey,ryan.bailey@company.com,HR,66059
285,Sandra Stewart,sandra.stewart@company.com,Finance,70672
286,Rachel Romero,rachel.romero@company.com,Finance,75515
287,Kimberly Price,kimberly.price@company.com,Marketing,60823
288,Julie Turner,julie.turner@company.com,Sales,62087
289,Samantha Russell,samantha.russell@company.com,Marketing,68742
290,Virginia Perry,virginia.perry@company.com,Sales,61795
291,Matthew Robertson,matthew.robertson@company.com,Marketing,60865
292,Louis Miller,louis.miller@company.com,Engineering,73165
293,Robert Crawford,robert.crawford@company.com,Operations,77120
294,Marie Herrera,marie.herrera@company.com,Finance,70365
295,Betty Cooper,betty.cooper@company.com,Marketing,69477
296,Adam Thomas,adam.thomas@company.com,Finance,65909
297,Dennis Rodriguez,dennis.rodriguez@company.com,Sales,54246
298,Victoria Green,victoria.green@company.com,Sales,65359
299,George Bennett,george.bennett@company.com,Marketing,60866
300,Janet Warren,janet.warren@company.com,Marketing,68816
301,Rachel Porter,rachel.porter@company.com,Operations,66437
302,Evelyn Jimenez,evelyn.jimenez@company.com,Marketing,66700
303,Bobby Scott,bobby.scott@company.com,HR,67929
304,Angela Parker,angela.parker@company.com,Marketing,72675
305,Helen Woods,helen.woods@company.com,Engineering,73203
306,Frances Cooper,frances.cooper@company.com,Finance,73634
307,Betty Davis,betty.davis@company.com,Operations,78059
308,Wayne Bryant,wayne.bryant@company.com,Engineering,77552
309,Frances Roberts,frances.roberts@company.com,HR,64946
310,Lawrence Romero,lawrence.romero@company.com,Sales,66193
311,Mason Evans,mason.evans@company.com,Engineering,71995
312,Wayne Chavez,wayne.chavez@company.com,Operations,68839
313,Deborah Meyer,deborah.meyer@company.com,Engineering,83984
314,Gary Porter,gary.porter@company.com,HR,58053
315,Teresa McDonald,teresa.mcdonald@company.com,Marketing,66449
316,Karen Rogers,karen.rogers@company.com,Marketing,62826
317,Louis Lopez,louis.lopez@company.com,Sales,58562
318,Sara Kennedy,sara.kennedy@company.com,Operations,77607
319,Mark Watson,mark.watson@company.com,Engineering,81093
320,Kimberly Jones,kimberly.jones@company.com,Engineering,89575
321,Samantha Brooks,samantha.brooks@company.com,Engineering,76587
322,Helen Jones,helen.jones@company.com,Finance,69437
323,Andrea Warren,andrea.warren@company.com,HR,55492
324,Julia Mason,julia.mason@company.com,Engineering,85822
325,Joyce Wagner,joyce.wagner@company.com,Engineering,87279
326,Ralph Young,ralph.young@company.com,HR,58802
327,Maria Tucker,maria.tucker@company.com,HR,60223
328,Jose Ruiz,jose.ruiz@company.com,Engineering,90971
329,Michelle Boyd,michelle.boyd@company.com,Sales,66989
330,Scott Mills,scott.mills@company.com,Sales,66798
331,Kimberly Cox,kimberly.cox@company.com,Marketing,60250
332,Eric Holmes,eric.holmes@company.com,Sales,66303
333,Helen Sanchez,helen.sanchez@company.com,Operations,60327
334,Lawrence Cooper,lawrence.cooper@company.com,Marketing,66604
335,Carol Henry,carol.henry@company.com,Operations,67083
336,Edward Meyer,edward.meyer@company.com,Operations,68102
337,Marie Stevens,marie.stevens@company.com,Engineering,77354
338,Nancy Patterson,nancy.patterson@company.com,Engineering,93323
339,Laura Guzman,laura.guzman@company.com,HR,69853
340,Carolyn Green,carolyn.green@company.com,Marketing,70431
341,Eugene Gibson,eugene.gibson@company.com,Finance,69827
342,Brenda Mitchell,brenda.mitchell@company.com,Engineering,85098
343,Laura Stone,laura.stone@company.com,Engineering,77172
344,Betty Ellis,betty.ellis@company.com,HR,67891
345,Scott Ellis,scott.ellis@company.com,Marketing,62466
346,Steven Hill,steven.hill@company.com,Engineering,80327
347,Gary Price,gary.price@company.com,Finance,79035
348,Juan Aguilar,juan.aguilar@company.com,Engineering,78145
349,Stephen Castillo,stephen.castillo@company.com,HR,55733
350,Martha Owens,martha.owens@company.com,Marketing,65382
351,Louis Reyes,louis.reyes@company.com,Finance,68844
352,Joan Warren,joan.warren@company.com,Operations,75626
353,Adam Nguyen,adam.nguyen@company.com,Finance,69938
354,Amy Anderson,amy.anderson@company.com,Engineering,80821
355,Edward Meyer,edward.meyer@company.com,Operations,78910
356,Ralph Shaw,ralph.shaw@company.com,Sales,65702
357,Jason Reynolds,jason.reynolds@company.com,Marketing,67787
358,Philip Chavez,philip.chavez@company.com,Operations,61131
359,Evelyn Palmer,evelyn.palmer@company.com,Finance,72954
360,Cheryl Cole,cheryl.cole@company.com,Sales,61222
361,Gregory Wilson,gregory.wilson@company.com,Marketing,74792
362,Christine Boyd,christine.boyd@company.com,Engineering,73406
363,Linda Brooks,linda.brooks@company.com,Operations,65474
364,Jean Hughes,jean.hughes@company.com,Engineering,88552
365,Jessica Rogers,jessica.rogers@company.com,Marketing,74524
366,Marilyn Ward,marilyn.ward@company.com,Marketing,60501
367,Jonathan Gutierrez,jonathan.gutierrez@company.com,Engineering,94188
368,Samuel Morales,samuel.morales@company.com,HR,59623
369,Johnny Peterson,johnny.peterson@company.com,HR,66357
370,Ryan Robertson,ryan.robertson@company.com,Finance,80741
371,Gabriel Stone,gabriel.stone@company.com,Engineering,87268
372,Philip Richardson,philip.richardson@company.com,Operations,79276
373,Christina Butler,christina.butler@company.com,Operations,66580
374,Louis Sanders,louis.sanders@company.com,Finance,77449
375,Brenda Freeman,brenda.freeman@company.com,Marketing,70488
376,Paul Robertson,paul.robertson@company.com,Engineering,77552
377,Jacob Walker,jacob.walker@company.com,Operations,73699
378,Joan Bennett,joan.bennett@company.com,Finance,67166
379,Carl Murray,carl.murray@company.com,Marketing,67142
380,Willie Gonzalez,willie.gonzalez@company.com,Finance,82068
381,Martha West,martha.west@company.com,Operations,62641
382,Martha Ruiz,martha.ruiz@company.com,Marketing,68570
383,Justin Olson,justin.olson@company.com,HR,61562
384,Marie Torres,marie.torres@company.com,Sales,54097
385,Susan Rodriguez,susan.rodriguez@company.com,Finance,66783
386,Joseph Wagner,joseph.wagner@company.com,HR,58035
387,Kevin Robertson,kevin.robertson@company.com,Finance,74877
388,Donna Long,donna.long@company.com,Finance,73702
389,Austin Brown,austin.brown@company.com,Finance,78549
390,Deborah Tan,deborah.tan@company.com,Marketing,72711
391,Samuel Cruz,samuel.cruz@company.com,Engineering,73401
392,Kelly Cook,kelly.cook@company.com,Finance,76370
393,Austin Holmes,austin.holmes@company.com,HR,64301
394,Diana Lewis,diana.lewis@company.com,Finance,81958
395,Denise Hughes,denise.hughes@company.com,Sales,51879
396,Donna Gonzales,donna.gonzales@company.com,Engineering,84853
397,Barbara Rice,barbara.rice@company.com,Operations,74777
398,Charlotte Alexander,charlotte.alexander@company.com,HR,58492
399,Sharon Edwards,sharon.edwards@company.com,Operations,70164
400,Anthony Brown,anthony.brown@company.com,Finance,79402
401,Deborah Nelson,deborah.nelson@company.com,Operations,63824
402,Joseph McDonald,joseph.mcdonald@company.com,Operations,64230
403,Sarah Mendoza,sarah.mendoza@company.com,Marketing,71607
404,Michelle Davis,michelle.davis@company.com,Engineering,77060
405,Elizabeth Jimenez,elizabeth.jimenez@company.com,Marketing,62284
406,Wayne Lane,wayne.lane@company.com,Finance,69108
407,Helen Moreno,helen.moreno@company.com,Marketing,62741
408,Dorothy Jimenez,dorothy.jimenez@company.com,Sales,61618
409,Adam Simmons,adam.simmons@company.com,Engineering,78531
410,Kelly Rodriguez,kelly.rodriguez@company.com,Marketing,66801
411,Andrew Munoz,andrew.munoz@company.com,HR,66271
412,Lisa Scott,lisa.scott@company.com,Finance,82667
413,Jason Moore,jason.moore@company.com,Sales,58545
414,Joyce Kelly,joyce.kelly@company.com,Sales,69918
415,Wayne Boyd,wayne.boyd@company.com,Operations,70854
416,Ryan Harrison,ryan.harrison@company.com,Finance,74182
417,Sophia Brooks,sophia.brooks@company.com,Finance,82441
418,Peter Gonzales,peter.gonzales@company.com,Engineering,93047
419,Helen Boyd,helen.boyd@company.com,HR,58302
420,Amber Griffin,amber.griffin@company.com,Engineering,94016
421,Alexander Robertson,alexander.robertson@company.com,Operations,74338
422,Louis Mendez,louis.mendez@company.com,Sales,52376
423,John Carter,john.carter@company.com,Engineering,93388
424,Billy Ramos,billy.ramos@company.com,HR,65686
425,Tyler Graham,tyler.graham@company.com,Engineering,71123
426,Nicholas Johnson,nicholas.johnson@company.com,Finance,71057
427,Lisa Kelly,lisa.kelly@company.com,Sales,63914
428,Deborah Turner,deborah.turner@company.com,Finance,77787
429,Frances Green,frances.green@company.com,Engineering,83351
430,Jose Walker,jose.walker@company.com,Operations,70211
431,Daniel Cole,daniel.cole@company.com,Marketing,63097
432,Evelyn Fox,evelyn.fox@company.com,Operations,61733
433,Walter Medina,walter.medina@company.com,Marketing,62390
434,Carolyn Parker,carolyn.parker@company.com,HR,66767
435,Patrick Hamilton,patrick.hamilton@company.com,Sales,53881
436,Linda Phillips,linda.phillips@company.com,Operations,77408
437,Robert Porter,robert.porter@company.com,HR,66949
438,Justin Cruz,justin.cruz@company.com,Marketing,66531
439,John Wilson,john.wilson@company.com,Operations,65920
440,Janet Munoz,janet.munoz@company.com,HR,69569
441,Deborah Adams,deborah.adams@company.com,HR,68638
442,Philip Sullivan,philip.sullivan@company.com,HR,57143
443,Arthur Gonzales,arthur.gonzales@company.com,Finance,66102
444,Abigail Jimenez,abigail.jimenez@company.com,Finance,67059
445,Deborah Wright,deborah.wright@company.com,Marketing,72382
446,Kimberly Walker,kimberly.walker@company.com,Finance,68391
447,Carol Miller,carol.miller@company.com,Sales,58703
448,Patricia Allen,patricia.allen@company.com,Engineering,92997
449,Emma Boyd,emma.boyd@company.com,Sales,50382
450,Jennifer Lane,jennifer.lane@company.com,HR,66351
451,Walter Crawford,walter.crawford@company.com,Engineering,91981
452,Ralph Stevens,ralph.stevens@company.com,Operations,70614
453,Diana Kim,diana.kim@company.com,HR,67960
454,Charlotte Wagner,charlotte.wagner@company.com,Operations,65319
455,Laura Diaz,laura.diaz@company.com,Operations,69255
456,Arthur Dixon,arthur.dixon@company.com,Operations,76455
457,Kimberly Reyes,kimberly.reyes@company.com,Finance,72965
458,Debra Bailey,debra.bailey@company.com,Engineering,83251
459,Benjamin Washington,benjamin.washington@company.com,HR,69710
460,Nancy Cox,nancy.cox@company.com,HR,62825
461,Michelle Flores,michelle.flores@company.com,Engineering,86389
462,Robert Foster,robert.foster@company.com,Engineering,76300
463,Charles Harrison,charles.harrison@company.com,Finance,83700
464,Jonathan Griffin,jonathan.griffin@company.com,Operations,61287
465,Paul Gonzalez,paul.gonzalez@company.com,Finance,69715
466,Dorothy Holmes,dorothy.holmes@company.com,HR,66527
467,Janet Jordan,janet.jordan@company.com,Operations,69796
468,Harold Anderson,harold.anderson@company.com,Marketing,60687
469,Helen Robertson,helen.robertson@company.com,HR,66204
470,Kenneth Foster,kenneth.foster@company.com,Engineering,78618
471,Andrew Harrison,andrew.harrison@company.com,Finance,83998
472,Gabriel Henry,gabriel.henry@company.com,Finance,77355
473,Juan Hicks,juan.hicks@company.com,Engineering,87148
474,Mason Diaz,mason.diaz@company.com,Engineering,77710
475,Carol Boyd,carol.boyd@company.com,Finance,66997
476,Noah Simpson,noah.simpson@company.com,Finance,69928
477,Samuel Ramos,samuel.ramos@company.com,Finance,81252
478,Marie Bell,marie.bell@company.com,Operations,68692
479,Scott Gonzalez,scott.gonzalez@company.com,Engineering,85206
480,Charles Mendez,charles.mendez@company.com,Operations,76405
481,Karen Gonzalez,karen.gonzalez@company.com,Finance,67290
482,Wayne Hunter,wayne.hunter@company.com,Sales,69893
483,Olivia Thompson,olivia.thompson@company.com,Marketing,63387
484,Douglas Lee,douglas.lee@company.com,Finance,84508
485,Sean Moore,sean.moore@company.com,Finance,82782
486,Samuel Guzman,samuel.guzman@company.com,Marketing,69597
487,Abigail Simpson,abigail.simpson@company.com,HR,56179
488,John Gutierrez,john.gutierrez@company.com,Finance,77198
489,Jack Powell,jack.powell@company.com,Finance,78422
490,Heather Kim,heather.kim@company.com,Operations,66996
491,Dennis Perez,dennis.perez@company.com,Operations,67670
492,Joyce Gonzales,joyce.gonzales@company.com,HR,56838
493,Michelle Myers,michelle.myers@company.com,Marketing,68557
494,Johnny Sanders,johnny.sanders@company.com,HR,64492
495,Jack Mendoza,jack.mendoza@company.com,Marketing,68131
496,Evelyn Fernandez,evelyn.fernandez@company.com,Finance,65172
497,Joan Adams,joan.adams@company.com,Sales,63589
498,Catherine Perry,catherine.perry@company.com,Marketing,61495
499,Brian Vasquez,brian.vasquez@company.com,Engineering,75672
500,Nathan Alexander,nathan.alexander@company.com,Marketing,60358
501,Adam Burns,adam.burns@company.com,Engineering,74857
502,Nicholas Hughes,nicholas.hughes@company.com,HR,56206
503,Sarah Holmes,sarah.holmes@company.com,HR,68388
504,Walter Tan,walter.tan@company.com,Engineering,79731
505,Kimberly Miller,kimberly.miller@company.com,Finance,75870
506,Jane Reed,jane.reed@company.com,Engineering,93604
507,Michelle Simpson,michelle.simpson@company.com,Sales,50908
508,Elizabeth Wilson,elizabeth.wilson@company.com,Engineering,94889
509,Beverly Scott,beverly.scott@company.com,Engineering,79180
510,Douglas Taylor,douglas.taylor@company.com,Sales,51167
511,Joe Wilson,joe.wilson@company.com,Engineering,91618
512,Billy Ford,billy.ford@company.com,Sales,68370
513,Jack Hughes,jack.hughes@company.com,HR,64763
514,Sean Chen,sean.chen@company.com,Finance,83094
515,Emma Roberts,emma.roberts@company.com,Marketing,64680
516,Christopher Powell,christopher.powell@company.com,Finance,72498
517,Joseph Castro,joseph.castro@company.com,Operations,75724
518,Austin Medina,austin.medina@company.com,HR,56699
519,Denise Aguilar,denise.aguilar@company.com,Operations,77335
520,Jacqueline Ramos,jacqueline.ramos@company.com,Finance,77657
521,Jeffrey Gutierrez,jeffrey.gutierrez@company.com,Engineering,85627
522,Sarah Adams,sarah.adams@company.com,Sales,50453
523,Christina Miller,christina.miller@company.com,Sales,69701
524,Ronald Kennedy,ronald.kennedy@company.com,Engineering,82983
525,Patricia Walker,patricia.walker@company.com,Operations,71663
526,Paul Mitchell,paul.mitchell@company.com,HR,59833
527,Martha Holmes,martha.holmes@company.com,Finance,80044
528,Paul Gomez,paul.gomez@company.com,Marketing,71672
529,Olivia Jimenez,olivia.jimenez@company.com,HR,69269
530,Samuel Robertson,samuel.robertson@company.com,Operations,63939
531,Michelle Miller,michelle.miller@company.com,Operations,62849
532,Jacob Hill,jacob.hill@company.com,Sales,54428
533,Ann Munoz,ann.munoz@company.com,Operations,77003
534,Marie James,marie.james@company.com,Sales,57463
535,Karen Mitchell,karen.mitchell@company.com,Operations,79738
536,Joyce Bennett,joyce.bennett@company.com,Sales,59382
537,Judith Garcia,judith.garcia@company.com,Finance,68548
538,Sandra Taylor,sandra.taylor@company.com,Finance,72770
539,Philip Chen,philip.chen@company.com,Marketing,63734
540,Michelle Coleman,michelle.coleman@company.com,Sales,53876
541,Ruth Reed,ruth.reed@company.com,Engineering,87733
542,Willie Wallace,willie.wallace@company.com,Operations,79923
543,Joan Hall,joan.hall@company.com,Operations,63142
544,Amber Bennett,amber.bennett@company.com,Finance,67741
545,Bobby Kim,bobby.kim@company.com,Engineering,90690
546,Judith Wood,judith.wood@company.com,Operations,70041
547,Cynthia Jenkins,cynthia.jenkins@company.com,Marketing,64338
548,Mary Adams,mary.adams@company.com,Operations,79088
549,Cynthia Nelson,cynthia.nelson@company.com,Sales,55998
550,Robert Kennedy,robert.kennedy@company.com,Operations,74268
551,Eugene Stone,eugene.stone@company.com,Engineering,76751
552,Thomas Jimenez,thomas.jimenez@company.com,HR,62178
553,Jonathan Fisher,jonathan.fisher@company.com,Operations,60115
554,Evelyn Castro,evelyn.castro@company.com,HR,57879
555,Richard Alvarez,richard.alvarez@company.com,Finance,78071
556,Carolyn Green,carolyn.green@company.com,Operations,77655
557,Stephen Johnson,stephen.johnson@company.com,Marketing,65168
558,Victoria Powell,victoria.powell@company.com,Sales,59060
559,Donald Fisher,donald.fisher@company.com,Finance,65023
560,Elizabeth Nguyen,elizabeth.nguyen@company.com,HR,66794
561,Justin Garcia,justin.garcia@company.com,Operations,78007
562,Aaron Jordan,aaron.jordan@company.com,Engineering,88089
563,Juan Cooper,juan.cooper@company.com,Marketing,63628
564,Gary Williams,gary.williams@company.com,Marketing,60476
565,Larry Gonzalez,larry.gonzalez@company.com,Engineering,90184
566,Betty Price,betty.price@company.com,HR,57144
567,Karen Porter,karen.porter@company.com,Engineering,79022
568,Olivia Tucker,olivia.tucker@company.com,Sales,58035
569,Joshua Hunter,joshua.hunter@company.com,Sales,60812
570,Heather Barnes,heather.barnes@company.com,Operations,67340
571,Maria Perry,maria.perry@company.com,Marketing,71853
572,Stephen Vargas,stephen.vargas@company.com,Operations,74396
573,Justin Murphy,justin.murphy@company.com,Marketing,72275
574,Tyler Aguilar,tyler.aguilar@company.com,Engineering,85228
575,Brian Snyder,brian.snyder@company.com,Operations,69178
576,Ryan Porter,ryan.porter@company.com,HR,58540
577,Victoria Gutierrez,victoria.gutierrez@company.com,Operations,79477
578,Nathan White,nathan.white@company.com,Marketing,64615
579,Emily Castillo,emily.castillo@company.com,Marketing,68337
580,Ryan Sanders,ryan.sanders@company.com,Engineering,71926
581,Zachary Clark,zachary.clark@company.com,Sales,54064
582,Anthony Rogers,anthony.rogers@company.com,HR,60519
583,Frances Morales,frances.morales@company.com,Sales,63159
584,Lauren Robertson,lauren.robertson@company.com,HR,68584
585,Jacob Harrison,jacob.harrison@company.com,Operations,60074
586,Karen Murray,karen.murray@company.com,Sales,65175
587,Abigail Harvey,abigail.harvey@company.com,Operations,66675
588,Carol Anderson,carol.anderson@company.com,HR,67948
589,Justin Ward,justin.ward@company.com,Marketing,65819
590,Carl Marshall,carl.marshall@company.com,Engineering,76028
591,Willie Morgan,willie.morgan@company.com,HR,65114
592,Maria Cole,maria.cole@company.com,Engineering,89655
593,Joseph Garcia,joseph.garcia@company.com,HR,64326
594,Mason Torres,mason.torres@company.com,Marketing,72157
595,Gloria Webb,gloria.webb@company.com,Finance,72834
596,Sean Morales,sean.morales@company.com,Sales,66962
597,Sarah Patel,sarah.patel@company.com,HR,60333
598,Wayne James,wayne.james@company.com,Operations,65613
599,Austin Collins,austin.collins@company.com,Sales,58605
600,Wayne Johnson,wayne.johnson@company.com,Finance,80216
601,Rachel Jenkins,rachel.jenkins@company.com,Sales,66164
602,Douglas Mendez,douglas.mendez@company.com,Sales,54996
603,Juan Moreno,juan.moreno@company.com,Marketing,71353
604,Nathan Ward,nathan.ward@company.com,Engineering,78164
605,Grace Mason,grace.mason@company.com,Finance,78624
606,Ronald Burns,ronald.burns@company.com,Sales,65711
607,Walter Tan,walter.tan@company.com,Engineering,87468
608,Marie Chavez,marie.chavez@company.com,Sales,55657
609,Marie Lopez,marie.lopez@company.com,Finance,69436
610,Dorothy West,dorothy.west@company.com,Operations,74784
611,Walter Sanchez,walter.sanchez@company.com,Engineering,70786
612,Alice Thompson,alice.thompson@company.com,HR,56675
613,Justin Fox,justin.fox@company.com,Operations,79593
614,Peter Mason,peter.mason@company.com,Finance,79814
615,Richard Ramos,richard.ramos@company.com,HR,55804
616,Julia Moore,julia.moore@company.com,Marketing,72139
617,Bruce Webb,bruce.webb@company.com,Operations,62018
618,Donald Gutierrez,donald.gutierrez@company.com,Marketing,74799
619,Kimberly Davis,kimberly.davis@company.com,Operations,66752
620,Louis Stevens,louis.stevens@company.com,Engineering,83648
621,Amy Herrera,amy.herrera@company.com,Finance,65169
622,Johnny Hicks,johnny.hicks@company.com,Finance,79473
623,Jean Turner,jean.turner@company.com,Engineering,85877
624,Kenneth Bailey,kenneth.bailey@company.com,Sales,61096
625,Rachel Freeman,rachel.freeman@company.com,HR,58979
626,Anthony Mills,anthony.mills@company.com,HR,62630
627,Karen Jordan,karen.jordan@company.com,Finance,79309
628,Eugene Reynolds,eugene.reynolds@company.com,Engineering,81651
629,Heather Torres,heather.torres@company.com,Marketing,62736
630,Benjamin Bailey,benjamin.bailey@company.com,Engineering,79466
631,Kelly Warren,kelly.warren@company.com,Marketing,62225
632,Jack Fisher,jack.fisher@company.com,Finance,72519
633,Kathryn Taylor,kathryn.taylor@company.com,Operations,63616
634,Ruth Garcia,ruth.garcia@company.com,Operations,76504
635,Noah Lane,noah.lane@company.com,Engineering,83594
636,Amy Sanders,amy.sanders@company.com,Sales,63212
637,Philip Thomas,philip.thomas@company.com,Operations,70974
638,Betty Gonzalez,betty.gonzalez@company.com,Marketing,63128
639,Diana Ramos,diana.ramos@company.com,Sales,68567
640,Philip Wilson,philip.wilson@company.com,Engineering,81199
641,Brenda Stevens,brenda.stevens@company.com,HR,60029
642,Noah Mendoza,noah.mendoza@company.com,Engineering,83627
643,Patricia Lee,patricia.lee@company.com,Finance,74753
644,Marie Palmer,marie.palmer@company.com,HR,59394
645,Richard Holmes,richard.holmes@company.com,Sales,63322
646,Judy Gordon,judy.gordon@company.com,Engineering,85169
647,Helen Holmes,helen.holmes@company.com,HR,55123
648,Brian Reyes,brian.reyes@company.com,Engineering,81972
649,Joshua Snyder,joshua.snyder@company.com,Sales,55412
650,Evelyn Reyes,evelyn.reyes@company.com,Operations,70164
651,Kimberly Shaw,kimberly.shaw@company.com,HR,63670
652,Willie Porter,willie.porter@company.com,Finance,82978
653,Jessica Bennett,jessica.bennett@company.com,HR,55143
654,Donald McDonald,donald.mcdonald@company.com,Operations,69377
655,Roy James,roy.james@company.com,Operations,75357
656,Heather Moreno,heather.moreno@company.com,Engineering,89477
657,Judy Fisher,judy.fisher@company.com,HR,64014
658,Kevin Marshall,kevin.marshall@company.com,Marketing,66270
659,Arthur Lee,arthur.lee@company.com,Sales,69602
660,Donna Vargas,donna.vargas@company.com,HR,56354
661,Larry Simpson,larry.simpson@company.com,Finance,71319
662,Carolyn Chavez,carolyn.chavez@company.com,HR,61044
663,Sarah Mason,sarah.mason@company.com,Engineering,80152
664,Russell Owens,russell.owens@company.com,Sales,54389
665,Nicholas Howard,nicholas.howard@company.com,HR,57212
666,Russell Cooper,russell.cooper@company.com,Sales,61682
667,Roy Patterson,roy.patterson@company.com,Finance,68179
668,Hannah Thomas,hannah.thomas@company.com,Sales,65236
669,Amy Fox,amy.fox@company.com,Marketing,73961
670,Adam Thompson,adam.thompson@company.com,Engineering,74676
671,Benjamin Butler,benjamin.butler@company.com,Operations,65730
672,Eugene Olson,eugene.olson@company.com,HR,57144
673,Karen Washington,karen.washington@company.com,Finance,66019
674,Sandra Ramos,sandra.ramos@company.com,Operations,65207
675,Angela Rose,angela.rose@company.com,HR,56767
676,Mark Martinez,mark.martinez@company.com,Sales,67120
677,Jordan Long,jordan.long@company.com,Engineering,74940
678,Judith Sullivan,judith.sullivan@company.com,Operations,63946
679,Mason Boyd,mason.boyd@company.com,HR,61776
680,Megan Robertson,megan.robertson@company.com,HR,57830
681,Steven Griffin,steven.griffin@company.com,Sales,54737
682,Johnny Brooks,johnny.brooks@company.com,HR,60638
683,Charlotte Harrison,charlotte.harrison@company.com,Operations,71177
684,Adam Gonzales,adam.gonzales@company.com,HR,60225
685,Julie Martinez,julie.martinez@company.com,Engineering,91755
686,Zachary Martinez,zachary.martinez@company.com,Marketing,66479
687,Alice Brooks,alice.brooks@company.com,Finance,65799
688,Wayne Ortiz,wayne.ortiz@company.com,Operations,62174
689,Janet Woods,janet.woods@company.com,Marketing,67929
690,Alice Gonzales,alice.gonzales@company.com,Sales,69752
691,Olivia King,olivia.king@company.com,HR,69100
692,Evelyn Wright,evelyn.wright@company.com,HR,64443
693,Eric Sanchez,eric.sanchez@company.com,Sales,56160
694,Matthew Robertson,matthew.robertson@company.com,Operations,65898
695,Patricia Wells,patricia.wells@company.com,Engineering,94313
696,Dennis Owens,dennis.owens@company.com,Engineering,90398
697,Andrea Graham,andrea.graham@company.com,Engineering,80409
698,Marie Gomez,marie.gomez@company.com,Marketing,67985
699,Sandra Jimenez,sandra.jimenez@company.com,Finance,73822
700,Maria Robertson,maria.robertson@company.com,Marketing,61156
701,Tyler Gutierrez,tyler.gutierrez@company.com,Sales,56121
702,Lawrence Ross,lawrence.ross@company.com,Marketing,65456
703,Donna Davis,donna.davis@company.com,Marketing,73076
704,Elizabeth Simpson,elizabeth.simpson@company.com,Finance,80984
705,Louis Jackson,louis.jackson@company.com,Finance,71672
706,Marilyn Howard,marilyn.howard@company.com,Finance,74671
707,Arthur Nguyen,arthur.nguyen@company.com,HR,56784
708,Arthur Ortiz,arthur.ortiz@company.com,Operations,64013
709,Donna Reyes,donna.reyes@company.com,HR,67328
710,Susan Knight,susan.knight@company.com,HR,55305
711,Jacob Bryant,jacob.bryant@company.com,Sales,59281
712,Roy Moreno,roy.moreno@company.com,Operations,68410
713,Diana Stone,diana.stone@company.com,Finance,65195
714,Helen Hayes,helen.hayes@company.com,Marketing,74207
715,Justin Alvarez,justin.alvarez@company.com,HR,57857
716,Philip White,philip.white@company.com,Marketing,60435
717,Diane Bryant,diane.bryant@company.com,Finance,81731
718,Justin Rogers,justin.rogers@company.com,Finance,65759
719,Steven Foster,steven.foster@company.com,Operations,72986
720,Ralph Stewart,ralph.stewart@company.com,Finance,70908
721,Heather Ward,heather.ward@company.com,Engineering,86496
722,Michelle Gonzalez,michelle.gonzalez@company.com,Marketing,70975
723,Dennis Myers,dennis.myers@company.com,Operations,76328
724,Frances Sanchez,frances.sanchez@company.com,Operations,78223
725,Jane Castillo,jane.castillo@company.com,Operations,65078
726,Bobby Harris,bobby.harris@company.com,Sales,59205
727,Lisa Rose,lisa.rose@company.com,HR,65686
728,Justin Morgan,justin.morgan@company.com,HR,68539
729,Samuel Evans,samuel.evans@company.com,Engineering,92373
730,Brenda Tan,brenda.tan@company.com,Operations,78205
731,Beverly Castro,beverly.castro@company.com,Marketing,70689
732,Michael Henderson,michael.henderson@company.com,Marketing,67936
733,Ralph Lewis,ralph.lewis@company.com,Operations,70238
734,Nancy Romero,nancy.romero@company.com,HR,68561
735,Anthony Munoz,anthony.munoz@company.com,HR,56841
736,Sean Harvey,sean.harvey@company.com,Sales,50837
737,Gregory Gray,gregory.gray@company.com,Sales,64627
738,Andrea Mendez,andrea.mendez@company.com,Engineering,70019
739,Wayne Brooks,wayne.brooks@company.com,Operations,68174
740,Benjamin Hunter,benjamin.hunter@company.com,HR,68573
741,Carl Murphy,carl.murphy@company.com,Marketing,64166
742,Lisa Olson,lisa.olson@company.com,Operations,70025
743,Diane Wells,diane.wells@company.com,Finance,67829
744,Paul Rice,paul.rice@company.com,Marketing,73661
745,Catherine Hunt,catherine.hunt@company.com,Finance,76414
746,Eugene Hughes,eugene.hughes@company.com,Marketing,60512
747,Samantha James,samantha.james@company.com,Marketing,73831
748,Jennifer Tucker,jennifer.tucker@company.com,Operations,78417
749,Wayne Mason,wayne.mason@company.com,Finance,79235
750,Terry Griffin,terry.griffin@company.com,Sales,67138
751,Gloria Myers,gloria.myers@company.com,Finance,79651
752,Nathan Carter,nathan.carter@company.com,Operations,66630
753,Bruce Kim,bruce.kim@company.com,Marketing,70094
754,Andrea Reed,andrea.reed@company.com,Sales,60268
755,Nancy Sanders,nancy.sanders@company.com,Sales,62178
756,Heather Warren,heather.warren@company.com,Sales,65223
757,Timothy Barnes,timothy.barnes@company.com,Finance,71091
758,Sandra Hernandez,sandra.hernandez@company.com,Operations,64995
759,Elizabeth Snyder,elizabeth.snyder@company.com,Marketing,62857
760,Helen Jenkins,helen.jenkins@company.com,Finance,79317
761,Roy Vargas,roy.vargas@company.com,Finance,81603
762,Sara Wallace,sara.wallace@company.com,Marketing,72576
763,Frances Snyder,frances.snyder@company.com,Operations,70800
764,Julia Thompson,julia.thompson@company.com,Finance,77126
765,Jesse Johnson,jesse.johnson@company.com,Sales,65737
766,Emma Reynolds,emma.reynolds@company.com,Sales,61212
767,James Ramirez,james.ramirez@company.com,Engineering,79187
768,Douglas Stone,douglas.stone@company.com,Sales,50282
769,Mark Watson,mark.watson@company.com,HR,55809
770,Douglas Burns,douglas.burns@company.com,Engineering,80376
771,Denise West,denise.west@company.com,Finance,73316
772,Sarah Kim,sarah.kim@company.com,HR,66674
773,Deborah Garcia,deborah.garcia@company.com,Finance,84941
774,Grace Salazar,grace.salazar@company.com,Operations,68965
775,Jessica Ford,jessica.ford@company.com,Engineering,83468
776,Austin Allen,austin.allen@company.com,Marketing,62092
777,Brenda Thomas,brenda.thomas@company.com,Engineering,89497
778,Emily Burns,emily.burns@company.com,Finance,66486
779,Justin Moreno,justin.moreno@company.com,Engineering,90380
780,Donna Reynolds,donna.reynolds@company.com,Sales,66807
781,Harold Perez,harold.perez@company.com,HR,61631
782,Brenda Gordon,brenda.gordon@company.com,HR,59725
783,Dorothy Wright,dorothy.wright@company.com,Finance,74530
784,Bobby Robinson,bobby.robinson@company.com,Engineering,84949
785,Roy Alvarez,roy.alvarez@company.com,Finance,66925
786,Scott Aguilar,scott.aguilar@company.com,HR,67354
787,Roy Alvarez,roy.alvarez@company.com,Finance,72218
788,Marilyn Gomez,marilyn.gomez@company.com,Sales,53930
789,Amber Jenkins,amber.jenkins@company.com,Engineering,89889
790,Lawrence Robertson,lawrence.robertson@company.com,Finance,66551
791,Bruce Snyder,bruce.snyder@company.com,Marketing,62851
792,Lawrence Wagner,lawrence.wagner@company.com,Marketing,64169
793,Albert Webb,albert.webb@company.com,Finance,75844
794,Deborah Torres,deborah.torres@company.com,Operations,72236
795,Carolyn Reyes,carolyn.reyes@company.com,Operations,78876
796,Aaron Robertson,aaron.robertson@company.com,Marketing,63374
797,Louis Foster,louis.foster@company.com,Sales,52487
798,Linda Evans,linda.evans@company.com,Finance,81256
799,Philip Chen,philip.chen@company.com,Sales,69846
800,Jonathan Williams,jonathan.williams@company.com,Marketing,63406
801,William Wood,william.wood@company.com,HR,64924
802,Emma Reyes,emma.reyes@company.com,HR,60946
803,Sophia Crawford,sophia.crawford@company.com,Finance,74481
804,Carolyn Simpson,carolyn.simpson@company.com,Finance,77935
805,James Campbell,james.campbell@company.com,Finance,67226
806,Robert Cooper,robert.cooper@company.com,Finance,67739
807,Nicholas Scott,nicholas.scott@company.com,HR,64422
808,Douglas Rivera,douglas.rivera@company.com,Operations,68025
809,Jessica Ruiz,jessica.ruiz@company.com,Operations,66941
810,Abigail Wagner,abigail.wagner@company.com,Marketing,65557
811,Arthur Tran,arthur.tran@company.com,Finance,82982
812,Ann Ford,ann.ford@company.com,Sales,62774
813,Albert Fisher,albert.fisher@company.com,Sales,63907
814,Stephen Palmer,stephen.palmer@company.com,Engineering,79969
815,Jacqueline Robertson,jacqueline.robertson@company.com,Engineering,80760
816,Jacqueline Owens,jacqueline.owens@company.com,Sales,63424
817,Maria Lane,maria.lane@company.com,Operations,74029
818,Kimberly Roberts,kimberly.roberts@company.com,HR,64821
819,Daniel Ortiz,daniel.ortiz@company.com,Operations,70741
820,Rachel Perez,rachel.perez@company.com,Operations,70100
821,Linda Howard,linda.howard@company.com,Marketing,67198
822,Elizabeth Black,elizabeth.black@company.com,Marketing,71767
823,Zachary Hunter,zachary.hunter@company.com,HR,67688
824,Albert Hall,albert.hall@company.com,Marketing,74073
825,Jacob Hunt,jacob.hunt@company.com,Finance,77579
826,Juan Hall,juan.hall@company.com,HR,67711
827,Bobby Herrera,bobby.herrera@company.com,Finance,69880
828,Helen Lane,helen.lane@company.com,HR,60464
829,James Sullivan,james.sullivan@company.com,HR,63770
830,Sean Knight,sean.knight@company.com,Engineering,88786
831,Joseph Peterson,joseph.peterson@company.com,Marketing,70838
832,David Medina,david.medina@company.com,HR,61729
833,Julie Olson,julie.olson@company.com,Finance,66948
834,Ann Gibson,ann.gibson@company.com,Marketing,65678
835,Wayne Smith,wayne.smith@company.com,Engineering,74219
836,Barbara Hicks,barbara.hicks@company.com,Sales,55232
837,Denise Watson,denise.watson@company.com,HR,63287
838,Wayne Robertson,wayne.robertson@company.com,HR,60910
839,Justin Green,justin.green@company.com,Marketing,74180
840,Dorothy Murphy,dorothy.murphy@company.com,Operations,79922
841,Richard Carter,richard.carter@company.com,Finance,67003
842,Donna Garcia,donna.garcia@company.com,Engineering,78001
843,Brandon Burns,brandon.burns@company.com,HR,63031
844,Jean Thomas,jean.thomas@company.com,HR,67730
845,Nicholas Chen,nicholas.chen@company.com,Finance,69632
846,Mark Chavez,mark.chavez@company.com,Marketing,60529
847,Helen Morgan,helen.morgan@company.com,Sales,59225
848,Arthur Evans,arthur.evans@company.com,Operations,64022
849,Karen Ramirez,karen.ramirez@company.com,Sales,56483
850,Jordan Tran,jordan.tran@company.com,Engineering,80170
851,Dennis Snyder,dennis.snyder@company.com,Finance,84670
852,Jose Sanders,jose.sanders@company.com,HR,67484
853,Ronald James,ronald.james@company.com,Finance,69721
854,Eugene Wilson,eugene.wilson@company.com,Marketing,70486
855,Kathryn Reynolds,kathryn.reynolds@company.com,HR,59536
856,Sharon Ruiz,sharon.ruiz@company.com,Finance,75870
857,Joan Stone,joan.stone@company.com,HR,68388
858,Zachary Aguilar,zachary.aguilar@company.com,Finance,70109
859,Donna Woods,donna.woods@company.com,Finance,76880
860,Danielle Martinez,danielle.martinez@company.com,Sales,63694
861,Michael Green,michael.green@company.com,Engineering,93249
862,Abigail Castillo,abigail.castillo@company.com,Engineering,86982
863,Betty Nelson,betty.nelson@company.com,Sales,57612
864,Marie Davis,marie.davis@company.com,Finance,72571
865,Nancy Wilson,nancy.wilson@company.com,Operations,76972
866,Eugene Butler,eugene.butler@company.com,Engineering,76109
867,Kathryn Kim,kathryn.kim@company.com,Operations,70834
868,Samantha Robertson,samantha.robertson@company.com,Marketing,72876
869,Sara Wells,sara.wells@company.com,Sales,56131
870,Sandra Reynolds,sandra.reynolds@company.com,Operations,70267
871,Michelle Wood,michelle.wood@company.com,HR,56520
872,Nicholas Powell,nicholas.powell@company.com,Marketing,70814
873,Arthur Gomez,arthur.gomez@company.com,Engineering,75561
874,Jason Wells,jason.wells@company.com,HR,66004
875,Walter Porter,walter.porter@company.com,Finance,71574
876,Jason Morris,jason.morris@company.com,Sales,68756
877,Albert Stone,albert.stone@company.com,Marketing,71064
878,Martha Rivera,martha.rivera@company.com,Engineering,87992
879,Samuel Nguyen,samuel.nguyen@company.com,Sales,67942
880,Gabriel Wagner,gabriel.wagner@company.com,Marketing,62402
881,Carolyn Thompson,carolyn.thompson@company.com,Sales,67235
882,Mason Mendoza,mason.mendoza@company.com,Operations,79235
883,Charlotte Perez,charlotte.perez@company.com,Sales,61253
884,Samuel Shaw,samuel.shaw@company.com,Finance,69796
885,Jonathan Medina,jonathan.medina@company.com,Operations,74501
886,Daniel Warren,daniel.warren@company.com,Operations,63974
887,Jerry Reed,jerry.reed@company.com,HR,69897
888,Michelle Roberts,michelle.roberts@company.com,Sales,58996
889,Judith Peterson,judith.peterson@company.com,Marketing,63327
890,Wayne Olson,wayne.olson@company.com,Operations,64184
891,Beverly Brown,beverly.brown@company.com,Sales,52681
892,Mason Simmons,mason.simmons@company.com,Marketing,69664
893,Laura Long,laura.long@company.com,Engineering,72668
894,Louis Hall,louis.hall@company.com,HR,68174
895,Judith Wood,judith.wood@company.com,Engineering,88578
896,Ann Holmes,ann.holmes@company.com,HR,61775
897,Mason Jones,mason.jones@company.com,HR,63147
898,Carl Tucker,carl.tucker@company.com,HR,69112
899,Lisa Vargas,lisa.vargas@company.com,Marketing,68795
900,Carol Morgan,carol.morgan@company.com,Engineering,88515
901,Harold Gibson,harold.gibson@company.com,HR,68095
902,Ralph Watson,ralph.watson@company.com,Operations,74385
903,Larry Gray,larry.gray@company.com,HR,58189
904,Gloria Gonzalez,gloria.gonzalez@company.com,Finance,67674
905,Sandra Tan,sandra.tan@company.com,Engineering,88543
906,Eric Woods,eric.woods@company.com,HR,68169
907,Janice Hall,janice.hall@company.com,Finance,66949
908,Christine Wallace,christine.wallace@company.com,Marketing,61651
909,Mason Allen,mason.allen@company.com,Engineering,89402
910,Aaron Hunt,aaron.hunt@company.com,Operations,60340
911,Carl Cruz,carl.cruz@company.com,Finance,67436
912,Michelle Kelly,michelle.kelly@company.com,Operations,78577
913,Kelly Diaz,kelly.diaz@company.com,Engineering,94560
914,Sophia Baker,sophia.baker@company.com,Marketing,73661
915,Michelle McDonald,michelle.mcdonald@company.com,Sales,58748
916,Richard Morales,richard.morales@company.com,Engineering,94729
917,Jacob Murray,jacob.murray@company.com,Operations,62595
918,Ralph Romero,ralph.romero@company.com,Sales,51951
919,Kimberly Jordan,kimberly.jordan@company.com,Engineering,93000
920,Samantha Rogers,samantha.rogers@company.com,Marketing,60057
921,Mary Walker,mary.walker@company.com,HR,62173
922,Carolyn Williams,carolyn.williams@company.com,Operations,69425
923,Carol Martin,carol.martin@company.com,Sales,62405
924,Beverly Reynolds,beverly.reynolds@company.com,Sales,60296
925,William Ellis,william.ellis@company.com,Marketing,65625
926,Alice Martin,alice.martin@company.com,HR,62221
927,Juan Rice,juan.rice@company.com,Engineering,82392
928,Sophia Smith,sophia.smith@company.com,Engineering,71801
929,Amy Brown,amy.brown@company.com,Sales,50579
930,Samantha Herrera,samantha.herrera@company.com,HR,66735
931,Edward Russell,edward.russell@company.com,HR,65492
932,Matthew Hicks,matthew.hicks@company.com,Sales,58598
933,Amber Diaz,amber.diaz@company.com,HR,67400
934,Douglas Stone,douglas.stone@company.com,Marketing,74922
935,Samuel Myers,samuel.myers@company.com,Finance,70941
936,Sharon Woods,sharon.woods@company.com,HR,55519
937,Jonathan Walker,jonathan.walker@company.com,Sales,55554
938,Jacqueline Stevens,jacqueline.stevens@company.com,Engineering,75993
939,Christine Reynolds,christine.reynolds@company.com,Finance,67681
940,Emma Palmer,emma.palmer@company.com,Operations,61157
941,Elizabeth Mason,elizabeth.mason@company.com,Operations,75931
942,Anthony Castillo,anthony.castillo@company.com,Finance,65595
943,Danielle Crawford,danielle.crawford@company.com,Sales,52041
944,Gloria Hunt,gloria.hunt@company.com,Engineering,79758
945,Timothy Warren,timothy.warren@company.com,Operations,62911
946,Harold Tan,harold.tan@company.com,Sales,51446
947,George Brown,george.brown@company.com,HR,62731
948,Austin Miller,austin.miller@company.com,Marketing,71302
949,Timothy Foster,timothy.foster@company.com,Marketing,73104
950,Laura Perez,laura.perez@company.com,Operations,62123
951,Russell James,russell.james@company.com,Marketing,63232
952,Michelle Wright,michelle.wright@company.com,Engineering,78782
953,Janice Marshall,janice.marshall@company.com,HR,59800
954,Joyce Butler,joyce.butler@company.com,HR,61544
955,Adam Morales,adam.morales@company.com,Sales,54669
956,Andrea Stone,andrea.stone@company.com,HR,67081
957,Justin Meyer,justin.meyer@company.com,Marketing,73488
958,Deborah Barnes,deborah.barnes@company.com,Marketing,61990
959,Barbara Howard,barbara.howard@company.com,Engineering,94191
960,Tyler Henry,tyler.henry@company.com,Sales,57131
961,Jose Harvey,jose.harvey@company.com,HR,61424
962,Deborah Scott,deborah.scott@company.com,Finance,82490
963,Maria Rodriguez,maria.rodriguez@company.com,Finance,65030
964,Virginia Ward,virginia.ward@company.com,Engineering,76012
965,Diana James,diana.james@company.com,Marketing,69289
966,Wayne Johnson,wayne.johnson@company.com,HR,63425
967,Eric Freeman,eric.freeman@company.com,Sales,52254
968,Deborah Rose,deborah.rose@company.com,HR,66442
969,Daniel Bryant,daniel.bryant@company.com,Sales,57770
970,Elizabeth Butler,elizabeth.butler@company.com,Marketing,69923
971,Billy Robertson,billy.robertson@company.com,Engineering,94948
972,Dennis Hunt,dennis.hunt@company.com,Engineering,89644
973,Gregory Wagner,gregory.wagner@company.com,Engineering,87754
974,Stephen Powell,stephen.powell@company.com,Operations,63896
975,Noah Martinez,noah.martinez@company.com,Marketing,62419
976,Timothy Kennedy,timothy.kennedy@company.com,Operations,66715
977,Judy Jimenez,judy.jimenez@company.com,Finance,78305
978,Victoria Jordan,victoria.jordan@company.com,Marketing,72125
979,Virginia Hunter,virginia.hunter@company.com,Sales,50569
980,Debra Martinez,debra.martinez@company.com,Sales,51979
981,Jordan Cox,jordan.cox@company.com,Marketing,74224
982,Jordan Morris,jordan.morris@company.com,Sales,52825
983,Abigail Morris,abigail.morris@company.com,Engineering,84783
984,Roy Chavez,roy.chavez@company.com,Operations,73899
985,Cheryl Hill,cheryl.hill@company.com,Marketing,74513
986,Susan Clark,susan.clark@company.com,Marketing,65930
987,Philip Mills,philip.mills@company.com,Sales,63264
988,Martha Diaz,martha.diaz@company.com,Operations,69500
989,Ralph Hayes,ralph.hayes@company.com,Marketing,67666
990,Henry Warren,henry.warren@company.com,Sales,54106
991,Evelyn Collins,evelyn.collins@company.com,HR,61925
992,Joe Holmes,joe.holmes@company.com,Marketing,66521
993,Noah Stone,noah.stone@company.com,Engineering,86014
994,Wayne Cox,wayne.cox@company.com,HR,61411
995,Samuel Simmons,samuel.simmons@company.com,HR,55811
996,Andrew Webb,andrew.webb@company.com,Operations,76569
997,Ann Hamilton,ann.hamilton@company.com,Finance,78617
998,Denise Thomas,denise.thomas@company.com,Sales,60451
999,Michelle Young,michelle.young@company.com,Marketing,66434
1000,Julia Bryant,julia.bryant@company.com,Engineering,74944
1001,Ann Harris,ann.harris@company.com,Marketing,61578
1002,Marilyn Perez,marilyn.perez@company.com,Marketing,63713
1003,Gabriel Allen,gabriel.allen@company.com,Sales,66991
1004,Charles Butler,charles.butler@company.com,Finance,76508
1005,Ralph Butler,ralph.butler@company.com,Marketing,68644
1006,Julia Ruiz,julia.ruiz@company.com,Sales,66026
1007,Sharon Campbell,sharon.campbell@company.com,Finance,71630
1008,Sandra Stewart,sandra.stewart@company.com,Marketing,60427
1009,Sharon Lee,sharon.lee@company.com,Sales,55903
1010,Justin Robinson,justin.robinson@company.com,Marketing,60263
1011,Christina Burns,christina.burns@company.com,Marketing,65337
1012,Betty Hughes,betty.hughes@company.com,Finance,72378
1013,William Hernandez,william.hernandez@company.com,Engineering,77172
1014,Joyce Allen,joyce.allen@company.com,Operations,72208
1015,Samantha Ramos,samantha.ramos@company.com,Operations,60785
1016,Marilyn Mendez,marilyn.mendez@company.com,Engineering,75020
1017,Ronald Aguilar,ronald.aguilar@company.com,Finance,76340
1018,David Rose,david.rose@company.com,Operations,72333
1019,Mason Morgan,mason.morgan@company.com,Finance,83308
1020,Amy Jones,amy.jones@company.com,Engineering,94730
1021,Danielle Garcia,danielle.garcia@company.com,Engineering,78076
1022,Judith Moreno,judith.moreno@company.com,Finance,67594
1023,Lisa Hall,lisa.hall@company.com,Marketing,62450
1024,Maria Wilson,maria.wilson@company.com,HR,55775
1025,Lisa Chavez,lisa.chavez@company.com,Marketing,61181
1026,Brian Lewis,brian.lewis@company.com,Finance,72147
1027,Victoria Griffin,victoria.griffin@company.com,Operations,71107
1028,Justin Ford,justin.ford@company.com,Finance,83519
1029,Lisa Owens,lisa.owens@company.com,Marketing,64912
1030,Richard King,richard.king@company.com,Operations,71705
1031,Nathan Tran,nathan.tran@company.com,HR,62943
1032,James Woods,james.woods@company.com,Finance,75361
1033,Jacqueline Hunter,jacqueline.hunter@company.com,HR,63343
1034,Janice Lee,janice.lee@company.com,HR,66047
1035,Willie Medina,willie.medina@company.com,Finance,71710
1036,Mary Martin,mary.martin@company.com,Engineering,81229
1037,Victoria Reynolds,victoria.reynolds@company.com,Finance,68876
1038,Mason Hill,mason.hill@company.com,Engineering,73183
1039,Dennis Jones,dennis.jones@company.com,Operations,73072
1040,Cheryl Kelly,cheryl.kelly@company.com,Engineering,93797
1041,Sharon Collins,sharon.collins@company.com,Sales,56202
1042,Megan Castro,megan.castro@company.com,Operations,75882
1043,Gary Brown,gary.brown@company.com,HR,67787
1044,Scott Woods,scott.woods@company.com,Engineering,74750
1045,Steven Lewis,steven.lewis@company.com,Marketing,69567
1046,Paul Knight,paul.knight@company.com,Engineering,84735
1047,Adam Burns,adam.burns@company.com,Engineering,86200
1048,Kathryn Freeman,kathryn.freeman@company.com,Engineering,93852
1049,Edward Medina,edward.medina@company.com,Marketing,63667
1050,Jennifer Morris,jennifer.morris@company.com,Finance,74165
1051,Laura Perez,laura.perez@company.com,HR,59192
1052,Jesse Rice,jesse.rice@company.com,Finance,70245
1053,Amy Martinez,amy.martinez@company.com,HR,66361
1054,Amy Foster,amy.foster@company.com,Sales,67127
1055,Sophia Fox,sophia.fox@company.com,Marketing,67478
1056,Stephen Castillo,stephen.castillo@company.com,Marketing,64456
1057,David Reed,david.reed@company.com,Marketing,73998
1058,Helen Graham,helen.graham@company.com,Marketing,68997
1059,Dorothy Munoz,dorothy.munoz@company.com,Marketing,73733
1060,Jack Boyd,jack.boyd@company.com,Operations,71618
1061,Cynthia Ruiz,cynthia.ruiz@company.com,Engineering,82036
1062,Martha Ruiz,martha.ruiz@company.com,Engineering,75313
1063,Sara Flores,sara.flores@company.com,Finance,79630
1064,Richard Butler,richard.butler@company.com,HR,67308
1065,Rachel Allen,rachel.allen@company.com,Operations,76816
1066,Patricia Jones,patricia.jones@company.com,Sales,67607
1067,Eric Freeman,eric.freeman@company.com,Operations,67701
1068,David Dixon,david.dixon@company.com,HR,61115
1069,Sandra Torres,sandra.torres@company.com,Operations,74651
1070,Charles Ward,charles.ward@company.com,Marketing,72981
1071,Jesse Lee,jesse.lee@company.com,Operations,61053
1072,David Simmons,david.simmons@company.com,Sales,67517
1073,Douglas Walker,douglas.walker@company.com,Sales,57626
1074,Russell Stevens,russell.stevens@company.com,Sales,51042
1075,Denise Reyes,denise.reyes@company.com,HR,63006
1076,Lawrence Meyer,lawrence.meyer@company.com,HR,62613
1077,Linda Edwards,linda.edwards@company.com,Marketing,64995
1078,David Coleman,david.coleman@company.com,Engineering,78287
1079,Wayne Gonzalez,wayne.gonzalez@company.com,Finance,68030
1080,Alice Ramos,alice.ramos@company.com,Operations,60980
1081,Thomas Freeman,thomas.freeman@company.com,Sales,68746
1082,Cheryl Diaz,cheryl.diaz@company.com,Finance,71452
1083,Virginia Crawford,virginia.crawford@company.com,HR,59124
1084,Bruce Parker,bruce.parker@company.com,Sales,56610
1085,Aaron Morgan,aaron.morgan@company.com,Sales,67929
1086,Janet Brooks,janet.brooks@company.com,Marketing,70760
1087,Ralph Bailey,ralph.bailey@company.com,Engineering,91660
1088,Jessica Gonzalez,jessica.gonzalez@company.com,Engineering,76131
1089,Sarah Tucker,sarah.tucker@company.com,Engineering,76226
1090,Kelly Bennett,kelly.bennett@company.com,Sales,69945
1091,Daniel Price,daniel.price@company.com,Finance,65061
1092,Alice Mills,alice.mills@company.com,Operations,79467
1093,Bobby Murray,bobby.murray@company.com,Sales,52605
1094,Harold Salazar,harold.salazar@company.com,Finance,81228
1095,Julia Silva,julia.silva@company.com,Engineering,72856
1096,Amber Webb,amber.webb@company.com,Marketing,66253
1097,Andrea Morgan,andrea.morgan@company.com,HR,66746
1098,Sarah Dixon,sarah.dixon@company.com,HR,57990
1099,Dennis Ramirez,dennis.ramirez@company.com,Marketing,63933
1100,Austin Sanders,austin.sanders@company.com,Engineering,89629
1101,Samuel Cox,samuel.cox@company.com,Engineering,82692
1102,Kelly Russell,kelly.russell@company.com,Marketing,61083
1103,Wayne Wells,wayne.wells@company.com,Marketing,73493
1104,Kimberly Moore,kimberly.moore@company.com,Engineering,93792
1105,Ann Mitchell,ann.mitchell@company.com,Marketing,70658
1106,Amy Davis,amy.davis@company.com,Finance,75822
1107,Justin Miller,justin.miller@company.com,Finance,79125
1108,Sean Alexander,sean.alexander@company.com,Engineering,92412
1109,Frances Kennedy,frances.kennedy@company.com,Engineering,82429
1110,Jacob Thompson,jacob.thompson@company.com,Engineering,72721
1111,Kenneth Griffin,kenneth.griffin@company.com,Marketing,64768
1112,Richard Clark,richard.clark@company.com,HR,57807
1113,Eugene Flores,eugene.flores@company.com,Engineering,80626
1114,Helen Davis,helen.davis@company.com,Marketing,64365
1115,Eugene Green,eugene.green@company.com,Engineering,71808
1116,Louis Martinez,louis.martinez@company.com,Operations,64297
1117,Eric Cruz,eric.cruz@company.com,HR,57831
1118,Kenneth Henderson,kenneth.henderson@company.com,HR,65291
1119,William Ortiz,william.ortiz@company.com,Finance,67024
1120,Sara Owens,sara.owens@company.com,HR,62007
1121,Jean Owens,jean.owens@company.com,Operations,74554
1122,Carl Simpson,carl.simpson@company.com,Engineering,93467
1123,Diana Woods,diana.woods@company.com,Marketing,60583
1124,Janet Johnson,janet.johnson@company.com,Engineering,86620
1125,Tyler Harvey,tyler.harvey@company.com,Engineering,79624
1126,David Stewart,david.stewart@company.com,HR,61240
1127,Mary Robinson,mary.robinson@company.com,Finance,76807
1128,Deborah Gonzales,deborah.gonzales@company.com,HR,55062
1129,Paul Graham,paul.graham@company.com,Engineering,77090
1130,Kimberly Brown,kimberly.brown@company.com,Sales,66445
1131,Judith Wood,judith.wood@company.com,HR,57197
1132,Robert Walker,robert.walker@company.com,Engineering,72384
1133,Aaron Diaz,aaron.diaz@company.com,Marketing,60390
1134,Christina Miller,christina.miller@company.com,Operations,77152
1135,Denise Rice,denise.rice@company.com,HR,67214
1136,Eugene Castillo,eugene.castillo@company.com,Operations,70212
1137,Abigail Silva,abigail.silva@company.com,Finance,83872
1138,Gabriel Boyd,gabriel.boyd@company.com,Finance,67033
1139,Andrew Wagner,andrew.wagner@company.com,Engineering,81687
1140,Ralph Vasquez,ralph.vasquez@company.com,Finance,80166
1141,Deborah Price,deborah.price@company.com,Sales,60623
1142,Philip Griffin,philip.griffin@company.com,Operations,73332
1143,Christopher Stewart,christopher.stewart@company.com,Finance,80039
1144,Jacob Harvey,jacob.harvey@company.com,Operations,76768
1145,Jean Mills,jean.mills@company.com,Engineering,75973
1146,Jean Wagner,jean.wagner@company.com,Finance,66409
1147,Robert Simpson,robert.simpson@company.com,Engineering,79401
1148,Jeffrey Murphy,jeffrey.murphy@company.com,Finance,84502
1149,Gloria Reyes,gloria.reyes@company.com,Sales,58145
1150,Heather Price,heather.price@company.com,Marketing,63831
1151,Sophia James,sophia.james@company.com,Finance,77244
1152,Billy Price,billy.price@company.com,HR,60311
1153,Charles Rice,charles.rice@company.com,Marketing,74847
1154,Jane Wright,jane.wright@company.com,Operations,63608
1155,Jonathan Stevens,jonathan.stevens@company.com,Sales,68775
1156,Mason Lane,mason.lane@company.com,Engineering,91481
1157,Zachary Williams,zachary.williams@company.com,Finance,80775
1158,Amber Wood,amber.wood@company.com,Finance,80238
1159,William Black,william.black@company.com,HR,68952
1160,Ralph Russell,ralph.russell@company.com,Finance,68106
1161,Susan Silva,susan.silva@company.com,Finance,76381
1162,Sharon Baker,sharon.baker@company.com,Finance,67875
1163,Adam Hayes,adam.hayes@company.com,Engineering,71266
1164,Jose Price,jose.price@company.com,Finance,74003
1165,Ralph Wood,ralph.wood@company.com,Marketing,62124
1166,Walter Smith,walter.smith@company.com,HR,65186
1167,Frances Brooks,frances.brooks@company.com,Finance,73904
1168,Albert Hughes,albert.hughes@company.com,HR,60302
1169,Susan Vasquez,susan.vasquez@company.com,Sales,52721
1170,Gary Simmons,gary.simmons@company.com,Engineering,93678
1171,Jeffrey Myers,jeffrey.myers@company.com,Operations,61866
1172,Kimberly Bryant,kimberly.bryant@company.com,Sales,65448
1173,Jennifer Diaz,jennifer.diaz@company.com,Engineering,76235
1174,Henry Kelly,henry.kelly@company.com,Engineering,78659
1175,Lawrence Castro,lawrence.castro@company.com,Operations,73579
1176,Lisa Guzman,lisa.guzman@company.com,Finance,72980
1177,Sophia Thompson,sophia.thompson@company.com,HR,58527
1178,Linda Reed,linda.reed@company.com,Sales,50146
1179,Ralph White,ralph.white@company.com,Sales,51188
1180,Peter Foster,peter.foster@company.com,Operations,64921
1181,Sandra Hunter,sandra.hunter@company.com,Marketing,62377
1182,Stephen Anderson,stephen.anderson@company.com,HR,55560
1183,Mark Hayes,mark.hayes@company.com,Operations,62465
1184,Jack Gonzales,jack.gonzales@company.com,Marketing,72498
1185,Judith Miller,judith.miller@company.com,Finance,66062
1186,Jessica Wright,jessica.wright@company.com,Finance,73114
1187,Mary Murray,mary.murray@company.com,Finance,82314
1188,William Thomas,william.thomas@company.com,Marketing,72279
1189,Judith Medina,judith.medina@company.com,Marketing,74846
1190,Joe Reyes,joe.reyes@company.com,Sales,52536
1191,Patrick Murphy,patrick.murphy@company.com,Operations,73280
1192,Eric Burns,eric.burns@company.com,Operations,72280
1193,Christina Bailey,christina.bailey@company.com,Finance,75204
1194,Kevin Reyes,kevin.reyes@company.com,Operations,73160
1195,Joyce Rose,joyce.rose@company.com,Finance,69290
1196,Jose Scott,jose.scott@company.com,Marketing,65777
1197,Charlotte Flores,charlotte.flores@company.com,Operations,60450
1198,Joshua Harris,joshua.harris@company.com,Operations,62276
1199,Michelle Morgan,michelle.morgan@company.com,HR,59496
1200,Justin Gutierrez,justin.gutierrez@company.com,Sales,50132
1201,Harold Phillips,harold.phillips@company.com,Finance,84181
1202,Jacqueline Baker,jacqueline.baker@company.com,Finance,80513
1203,Jerry Ford,jerry.ford@company.com,Engineering,94220
1204,Lawrence Rose,lawrence.rose@company.com,Sales,58858
1205,Emily Rivera,emily.rivera@company.com,Operations,76107
1206,Ruth Castillo,ruth.castillo@company.com,Marketing,71783
1207,Charles Chavez,charles.chavez@company.com,Marketing,61858
1208,Kelly Roberts,kelly.roberts@company.com,Finance,72669
1209,Carol King,carol.king@company.com,Sales,57766
1210,Ralph Jackson,ralph.jackson@company.com,Finance,65198
1211,Ralph Porter,ralph.porter@company.com,Marketing,73885
1212,Arthur White,arthur.white@company.com,Engineering,88351
1213,Ralph Tucker,ralph.tucker@company.com,Engineering,77274
1214,Patricia Ramirez,patricia.ramirez@company.com,Engineering,88731
1215,Gary Hernandez,gary.hernandez@company.com,Engineering,83247
1216,Wayne Jackson,wayne.jackson@company.com,Sales,59675
1217,Lisa Brooks,lisa.brooks@company.com,Operations,78693
1218,Maria Alexander,maria.alexander@company.com,Sales,61882
1219,Emily Ramirez,emily.ramirez@company.com,Sales,63479
1220,Wayne Freeman,wayne.freeman@company.com,Finance,72729
1221,Richard Henry,richard.henry@company.com,Engineering,92685
1222,James Howard,james.howard@company.com,Operations,60104
1223,Adam Cox,adam.cox@company.com,HR,57101
1224,Noah Gonzalez,noah.gonzalez@company.com,Sales,65324
1225,Billy Adams,billy.adams@company.com,Finance,83752
1226,Teresa Alexander,teresa.alexander@company.com,Marketing,63592
1227,Ruth Lee,ruth.lee@company.com,Engineering,76764
1228,Rachel Green,rachel.green@company.com,Marketing,68311
1229,Jose Tan,jose.tan@company.com,Marketing,66833
1230,Amy Phillips,amy.phillips@company.com,Finance,76419
1231,Wayne Cruz,wayne.cruz@company.com,Operations,68075
1232,Frances Wood,frances.wood@company.com,Sales,51710
1233,Justin Hall,justin.hall@company.com,Operations,63413
1234,Susan Porter,susan.porter@company.com,Engineering,83787
1235,Gary Wallace,gary.wallace@company.com,HR,58420
1236,Julie Collins,julie.collins@company.com,Sales,63317
1237,Nicholas Sullivan,nicholas.sullivan@company.com,HR,69884
1238,Amy Campbell,amy.campbell@company.com,Finance,74746
1239,Lisa Bennett,lisa.bennett@company.com,HR,66786
1240,Janice Wallace,janice.wallace@company.com,Sales,67484
1241,Jean Allen,jean.allen@company.com,Engineering,92801
1242,Sean Guzman,sean.guzman@company.com,Sales,57969
1243,Linda Cox,linda.cox@company.com,Finance,72146
1244,Sean Chavez,sean.chavez@company.com,Finance,74765
1245,Zachary Fox,zachary.fox@company.com,Sales,57468
1246,Nathan Gibson,nathan.gibson@company.com,Marketing,71157
1247,Debra Simpson,debra.simpson@company.com,Finance,70367
1248,Joseph Jordan,joseph.jordan@company.com,Marketing,65537
1249,Arthur Moreno,arthur.moreno@company.com,Sales,69027
1250,Lisa Munoz,lisa.munoz@company.com,Sales,50253
1251,Helen Howard,helen.howard@company.com,HR,55627
1252,Donald Bryant,donald.bryant@company.com,HR,60674
1253,Russell Anderson,russell.anderson@company.com,Engineering,74689
1254,Patrick Campbell,patrick.campbell@company.com,Operations,61585
1255,Sarah Ramirez,sarah.ramirez@company.com,Finance,84416
1256,Christopher Meyer,christopher.meyer@company.com,Sales,55354
1257,Donna Peterson,donna.peterson@company.com,HR,57482
1258,Wayne Stone,wayne.stone@company.com,HR,57871
1259,Mason Butler,mason.butler@company.com,Finance,76550
1260,Marilyn Richardson,marilyn.richardson@company.com,Finance,65084
1261,Gloria Miller,gloria.miller@company.com,Finance,68959
1262,Mark Marshall,mark.marshall@company.com,Sales,61357
1263,Amber Rodriguez,amber.rodriguez@company.com,HR,55611
1264,Helen Shaw,helen.shaw@company.com,Sales,53149
1265,Gabriel Ford,gabriel.ford@company.com,Operations,64902
1266,Johnny Chavez,johnny.chavez@company.com,Finance,67530
1267,Megan Hernandez,megan.hernandez@company.com,Operations,70279
1268,Kelly Lewis,kelly.lewis@company.com,Engineering,92628
1269,Bruce Medina,bruce.medina@company.com,Engineering,81109
1270,Lisa Anderson,lisa.anderson@company.com,Finance,78277
1271,Joshua Turner,joshua.turner@company.com,Sales,56048
1272,Larry Howard,larry.howard@company.com,Operations,76167
1273,Kevin Robertson,kevin.robertson@company.com,Marketing,69906
1274,Jesse Hughes,jesse.hughes@company.com,Sales,65273
1275,Lisa Morgan,lisa.morgan@company.com,Operations,79806
1276,Elizabeth Jones,elizabeth.jones@company.com,Engineering,76155
1277,Samantha Evans,samantha.evans@company.com,Marketing,69263
1278,Amy Johnson,amy.johnson@company.com,HR,65074
1279,Mary Black,mary.black@company.com,Marketing,71173
1280,Martha Reynolds,martha.reynolds@company.com,Sales,53899
1281,Susan Lee,susan.lee@company.com,Sales,67190
1282,Carl Gutierrez,carl.gutierrez@company.com,HR,69683
1283,Mason Roberts,mason.roberts@company.com,Engineering,76029
1284,Nathan Perez,nathan.perez@company.com,Marketing,69402
1285,Lawrence Porter,lawrence.porter@company.com,Engineering,86331
1286,Robert Wilson,robert.wilson@company.com,Engineering,70486
1287,Cynthia Black,cynthia.black@company.com,Sales,67794
1288,Eugene Black,eugene.black@company.com,HR,66440
1289,Carol Clark,carol.clark@company.com,Operations,76285
1290,Patricia Moreno,patricia.moreno@company.com,HR,67481
1291,Michelle Vargas,michelle.vargas@company.com,Operations,60039
1292,Jessica Watson,jessica.watson@company.com,Finance,79242
1293,Elizabeth White,elizabeth.white@company.com,Engineering,72867
1294,Edward Burns,edward.burns@company.com,Finance,84899
1295,Heather Diaz,heather.diaz@company.com,Marketing,73136
1296,Sara Barnes,sara.barnes@company.com,Sales,56853
1297,Emma Taylor,emma.taylor@company.com,Engineering,77852
1298,Louis Cox,louis.cox@company.com,Engineering,75860
1299,Terry Hall,terry.hall@company.com,Operations,77882
1300,Donna Romero,donna.romero@company.com,Operations,79493
1301,Marilyn West,marilyn.west@company.com,Marketing,66185
1302,Roy Russell,roy.russell@company.com,Operations,72452
1303,John Hunt,john.hunt@company.com,Engineering,86816
1304,Gary Munoz,gary.munoz@company.com,Engineering,76435
1305,Laura Rogers,laura.rogers@company.com,Marketing,62547
1306,Susan Hernandez,susan.hernandez@company.com,Sales,52441
1307,Debra Freeman,debra.freeman@company.com,Sales,54773
1308,Helen Jimenez,helen.jimenez@company.com,Engineering,87780
1309,Roy McDonald,roy.mcdonald@company.com,Finance,82084
1310,Andrew Fisher,andrew.fisher@company.com,Finance,74615
1311,Zachary Freeman,zachary.freeman@company.com,Engineering,87845
1312,Carl Aguilar,carl.aguilar@company.com,Operations,62444
1313,Kenneth Baker,kenneth.baker@company.com,Sales,69413
1314,Cynthia Ellis,cynthia.ellis@company.com,Engineering,93020
1315,Beverly Vasquez,beverly.vasquez@company.com,HR,67710
1316,Amber Robertson,amber.robertson@company.com,Engineering,81498
1317,Richard Foster,richard.foster@company.com,Engineering,71298
1318,Anthony Chavez,anthony.chavez@company.com,Operations,71710
1319,Noah Diaz,noah.diaz@company.com,Engineering,86686
1320,Susan Burns,susan.burns@company.com,Engineering,79465
1321,Jason Mitchell,jason.mitchell@company.com,Finance,78002
1322,Angela Sanchez,angela.sanchez@company.com,Marketing,62749
1323,Michael Sanchez,michael.sanchez@company.com,Operations,64274
1324,Arthur Woods,arthur.woods@company.com,Engineering,71625
1325,Louis Griffin,louis.griffin@company.com,Engineering,86430
1326,Daniel Warren,daniel.warren@company.com,Engineering,82633
1327,Michelle Marshall,michelle.marshall@company.com,Finance,83832
1328,Maria Black,maria.black@company.com,Finance,65294
1329,Robert Lewis,robert.lewis@company.com,Engineering,75232
1330,Kenneth Torres,kenneth.torres@company.com,Sales,58231
1331,Donald Morales,donald.morales@company.com,Operations,78749
1332,Sandra Marshall,sandra.marshall@company.com,Marketing,74304
1333,Lawrence Rice,lawrence.rice@company.com,Marketing,71107
1334,Thomas Bailey,thomas.bailey@company.com,Marketing,67624
1335,Bruce Griffin,bruce.griffin@company.com,Marketing,61519
1336,Michael White,michael.white@company.com,Sales,55511
1337,Michael Kelly,michael.kelly@company.com,Engineering,94358
1338,Laura Morgan,laura.morgan@company.com,Marketing,70873
1339,Betty Jordan,betty.jordan@company.com,Engineering,82099
1340,Joan Tucker,joan.tucker@company.com,Operations,79396
1341,Mary Bryant,mary.bryant@company.com,Operations,76345
1342,Emily Lewis,emily.lewis@company.com,Finance,69979
1343,Maria Simmons,maria.simmons@company.com,Engineering,74831
1344,Eugene Ross,eugene.ross@company.com,Operations,63193
1345,Dennis Miller,dennis.miller@company.com,Marketing,66760
1346,Samuel Hunter,samuel.hunter@company.com,Marketing,72858
1347,Roy Woods,roy.woods@company.com,Finance,71104
1348,Joan Mason,joan.mason@company.com,Engineering,86640
1349,Eugene Robertson,eugene.robertson@company.com,Engineering,76837
1350,Joshua Crawford,joshua.crawford@company.com,Sales,67754
1351,Eric Chavez,eric.chavez@company.com,Engineering,72335
1352,Ryan White,ryan.white@company.com,Finance,78585
1353,Louis Ortiz,louis.ortiz@company.com,Sales,61278
1354,Carol Jenkins,carol.jenkins@company.com,Operations,76924
1355,Jack Fernandez,jack.fernandez@company.com,HR,62894
1356,Nicholas Marshall,nicholas.marshall@company.com,Operations,68361
1357,Harold Simmons,harold.simmons@company.com,HR,62287
1358,Jeffrey Reyes,jeffrey.reyes@company.com,Sales,50953
1359,Jesse Vargas,jesse.vargas@company.com,Marketing,63458
1360,Dorothy Allen,dorothy.allen@company.com,Engineering,90534
1361,Lisa Robertson,lisa.robertson@company.com,HR,55191
1362,David Smith,david.smith@company.com,HR,69126
1363,Victoria Stewart,victoria.stewart@company.com,Engineering,94131
1364,Sharon Ramirez,sharon.ramirez@company.com,Finance,75137
1365,Karen Rodriguez,karen.rodriguez@company.com,Engineering,92715
1366,Danielle Torres,danielle.torres@company.com,Sales,64279
1367,Christina Chen,christina.chen@company.com,HR,67946
1368,Mary Miller,mary.miller@company.com,HR,58313
1369,Robert Davis,robert.davis@company.com,Sales,58340
1370,David Boyd,david.boyd@company.com,Finance,67674
1371,Ralph Reed,ralph.reed@company.com,HR,58770
1372,Lauren Collins,lauren.collins@company.com,Sales,64241
1373,Sophia Vargas,sophia.vargas@company.com,HR,67925
1374,Debra Robertson,debra.robertson@company.com,Finance,70332
1375,Heather West,heather.west@company.com,Sales,65523
1376,Joe Long,joe.long@company.com,Finance,74060
1377,Martha Scott,martha.scott@company.com,Finance,71872
1378,Gregory Murray,gregory.murray@company.com,Engineering,71470
1379,Jason Young,jason.young@company.com,HR,60993
1380,Larry Hayes,larry.hayes@company.com,Engineering,81162
1381,Edward Sanchez,edward.sanchez@company.com,Sales,60739
1382,Sean Mitchell,sean.mitchell@company.com,Engineering,71910
1383,Amber Alexander,amber.alexander@company.com,Sales,60272
1384,Sophia Romero,sophia.romero@company.com,Sales,66984
1385,Emily Allen,emily.allen@company.com,HR,64911
1386,Eugene Moreno,eugene.moreno@company.com,HR,60086
1387,Ruth Guzman,ruth.guzman@company.com,Marketing,61345
1388,Betty Harrison,betty.harrison@company.com,HR,67589
1389,Joyce Torres,joyce.torres@company.com,HR,62547
1390,Arthur Gomez,arthur.gomez@company.com,Marketing,66589
1391,Sean Richardson,sean.richardson@company.com,Sales,61030
1392,Anthony Martin,anthony.martin@company.com,Operations,69625
1393,Debra Young,debra.young@company.com,Engineering,81542
1394,Kevin Walker,kevin.walker@company.com,Engineering,73638
1395,Beverly Hunt,beverly.hunt@company.com,HR,58503
1396,Karen Tran,karen.tran@company.com,Marketing,63677
1397,Kevin James,kevin.james@company.com,HR,66586
1398,Rachel Lopez,rachel.lopez@company.com,Sales,65332
1399,Donna Collins,donna.collins@company.com,Sales,61666
1400,Kathryn Bryant,kathryn.bryant@company.com,Marketing,61896
1401,Juan Chen,juan.chen@company.com,Finance,78150
1402,Danielle Wallace,danielle.wallace@company.com,Marketing,68431
1403,Matthew Griffin,matthew.griffin@company.com,Operations,62308
1404,Terry Knight,terry.knight@company.com,Operations,79385
1405,Emma Ellis,emma.ellis@company.com,Sales,55143
1406,Eugene Hill,eugene.hill@company.com,HR,56639
1407,Michael Butler,michael.butler@company.com,HR,66358
1408,Sarah Fisher,sarah.fisher@company.com,Finance,70986
1409,Samuel Hicks,samuel.hicks@company.com,Engineering,73711
1410,Patrick Castillo,patrick.castillo@company.com,Marketing,69613
1411,Mason Dixon,mason.dixon@company.com,Engineering,94262
1412,Ashley Romero,ashley.romero@company.com,Marketing,70669
1413,Dorothy Bell,dorothy.bell@company.com,Marketing,68399
1414,Helen Ruiz,helen.ruiz@company.com,Sales,69055
1415,Nancy Parker,nancy.parker@company.com,HR,66007
1416,Betty Morgan,betty.morgan@company.com,Engineering,70629
1417,Jacob Griffin,jacob.griffin@company.com,Sales,62069
1418,Joyce Hughes,joyce.hughes@company.com,Operations,66754
1419,Jacob Jordan,jacob.jordan@company.com,Finance,65247
1420,Walter Chen,walter.chen@company.com,Marketing,66641
1421,Joan Kim,joan.kim@company.com,Marketing,63874
1422,David Thomas,david.thomas@company.com,Operations,69690
1423,Eric Gray,eric.gray@company.com,Marketing,62672
1424,Terry Wagner,terry.wagner@company.com,Sales,51155
1425,Scott Ellis,scott.ellis@company.com,Engineering,75542
1426,Jesse Holmes,jesse.holmes@company.com,Sales,69819
1427,Richard Medina,richard.medina@company.com,Operations,74031
1428,Andrew Munoz,andrew.munoz@company.com,Engineering,87158
1429,Henry Meyer,henry.meyer@company.com,HR,69379
1430,Dorothy Gomez,dorothy.gomez@company.com,Engineering,82237
1431,William Wood,william.wood@company.com,Operations,64907
1432,Kimberly Mills,kimberly.mills@company.com,Finance,81147
1433,Patricia Sanders,patricia.sanders@company.com,Engineering,89401
1434,Amy Wilson,amy.wilson@company.com,Finance,65701
1435,Sara Diaz,sara.diaz@company.com,Engineering,93077
1436,Jerry Roberts,jerry.roberts@company.com,Finance,69523
1437,Carol Jordan,carol.jordan@company.com,Engineering,93794
1438,Austin Harvey,austin.harvey@company.com,Finance,83004
1439,Lawrence Bryant,lawrence.bryant@company.com,Finance,81153
1440,Emily Garcia,emily.garcia@company.com,Operations,72920
1441,Megan Perry,megan.perry@company.com,Marketing,66086
1442,Ashley Munoz,ashley.munoz@company.com,Operations,68278
1443,Scott Evans,scott.evans@company.com,Operations,67114
1444,Benjamin Hall,benjamin.hall@company.com,Engineering,70102
1445,Eugene Webb,eugene.webb@company.com,Finance,69957
1446,Nancy Edwards,nancy.edwards@company.com,Sales,64985
1447,Sharon Collins,sharon.collins@company.com,Engineering,93353
1448,Lawrence Medina,lawrence.medina@company.com,Operations,66764
1449,Marie Wallace,marie.wallace@company.com,Marketing,61039
1450,Emily Wells,emily.wells@company.com,Engineering,79849
1451,Austin Reyes,austin.reyes@company.com,Finance,79708
1452,Jennifer Watson,jennifer.watson@company.com,Sales,67418
1453,Dorothy Murphy,dorothy.murphy@company.com,Operations,77948
1454,Andrew Perez,andrew.perez@company.com,HR,55397
1455,Kenneth Webb,kenneth.webb@company.com,HR,66111
1456,George Mills,george.mills@company.com,Operations,61335
1457,Ralph James,ralph.james@company.com,Marketing,70545
1458,Beverly Alvarez,beverly.alvarez@company.com,Sales,56708
1459,Jennifer Bailey,jennifer.bailey@company.com,Operations,70383
1460,Sandra Hamilton,sandra.hamilton@company.com,HR,68765
1461,Ann Thompson,ann.thompson@company.com,Finance,79774
1462,Bobby Davis,bobby.davis@company.com,Operations,75651
1463,Samuel Meyer,samuel.meyer@company.com,Engineering,81405
1464,Sharon Gibson,sharon.gibson@company.com,Sales,69405
1465,William Thomas,william.thomas@company.com,Operations,62957
1466,Virginia Gomez,virginia.gomez@company.com,Marketing,71271
1467,Johnny Gray,johnny.gray@company.com,Sales,65688
1468,Patricia Crawford,patricia.crawford@company.com,Finance,68721
1469,Johnny Burns,johnny.burns@company.com,Operations,63406
1470,Judith Thomas,judith.thomas@company.com,Operations,69014
1471,Jason Porter,jason.porter@company.com,Finance,71956
1472,Wayne Rodriguez,wayne.rodriguez@company.com,Operations,70362
1473,Donna Gutierrez,donna.gutierrez@company.com,Marketing,70122
1474,Benjamin Jackson,benjamin.jackson@company.com,HR,56322
1475,Brian West,brian.west@company.com,Operations,77476
1476,Megan Lewis,megan.lewis@company.com,Marketing,71190
1477,Sean Lane,sean.lane@company.com,Sales,69988
1478,Patrick Taylor,patrick.taylor@company.com,Sales,51146
1479,Karen Reed,karen.reed@company.com,HR,65831
1480,Eric Hicks,eric.hicks@company.com,Sales,60181
1481,Christina Lopez,christina.lopez@company.com,Engineering,82928
1482,Alice Ramos,alice.ramos@company.com,Sales,58002
1483,Albert Ortiz,albert.ortiz@company.com,Engineering,83771
1484,Bruce Nguyen,bruce.nguyen@company.com,Engineering,92820
1485,Carol Woods,carol.woods@company.com,Engineering,71142
1486,Christopher Morgan,christopher.morgan@company.com,Engineering,88922
1487,Jessica Phillips,jessica.phillips@company.com,Sales,56850
1488,Adam Reynolds,adam.reynolds@company.com,Finance,82707
1489,Martha Griffin,martha.griffin@company.com,Sales,53759
1490,Robert Collins,robert.collins@company.com,HR,63897
1491,Andrew Garcia,andrew.garcia@company.com,Finance,81360
1492,Arthur Fox,arthur.fox@company.com,Marketing,60077
1493,Billy Patterson,billy.patterson@company.com,Marketing,65142
1494,Ryan Meyer,ryan.meyer@company.com,Operations,66743
1495,Larry Watson,larry.watson@company.com,Marketing,67630
1496,Sandra Simpson,sandra.simpson@company.com,Marketing,65844
1497,Joshua Dixon,joshua.dixon@company.com,Engineering,89152
1498,Gloria Bell,gloria.bell@company.com,Operations,73837
1499,Olivia James,olivia.james@company.com,Sales,59590
1500,Janet Mendoza,janet.mendoza@company.com,Sales,67652
